sample,t,pos,vel
0,0,0,0
1,0.001,0,3
2,0.002,0,7
3,0.003,0,10
4,0.004,0,13
5,0.005,0,16
6,0.006,0,20
7,0.007,0,23
8,0.008,0,26
9,0.009,0,29
10,0.01,0,33
11,0.011,0,36
12,0.012,0,39
13,0.013,0,43
14,0.014,0,46
15,0.015,0,49
16,0.016,0,52
17,0.017,0,56
18,0.018,1,59
19,0.019,1,62
20,0.02,1,66
21,0.021,1,69
22,0.022,1,72
23,0.023,1,75
24,0.024,1,79
25,0.025,1,82
26,0.026,1,85
27,0.027,1,88
28,0.028,1,92
29,0.029,1,95
30,0.03,1,98
31,0.031,2,102
32,0.032,2,105
33,0.033,2,108
34,0.034,2,111
35,0.035,2,115
36,0.036,2,118
37,0.037,2,121
38,0.038,2,125
39,0.039,2,128
40,0.04,3,131
41,0.041,3,134
42,0.042,3,138
43,0.043,3,141
44,0.044,3,144
45,0.045,3,147
46,0.046,3,151
47,0.047,4,154
48,0.048,4,157
49,0.049,4,161
50,0.05,4,164
51,0.051,4,167
52,0.052,4,170
53,0.053,5,174
54,0.054,5,177
55,0.055,5,180
56,0.056,5,184
57,0.057,5,187
58,0.058,6,190
59,0.059,6,193
60,0.06,6,197
61,0.061,6,200
62,0.062,6,203
63,0.063,7,206
64,0.064,7,210
65,0.065,7,213
66,0.066,7,216
67,0.067,7,220
68,0.068,8,223
69,0.069,8,226
70,0.07,8,229
71,0.071,8,233
72,0.072,8,236
73,0.073,9,239
74,0.074,9,242
75,0.075,9,246
76,0.076,9,249
77,0.077,10,252
78,0.078,10,256
79,0.079,10,259
80,0.08,10,262
81,0.081,11,265
82,0.082,11,269
83,0.083,11,272
84,0.084,12,275
85,0.085,12,279
86,0.086,12,282
87,0.087,12,285
88,0.088,13,288
89,0.089,13,292
90,0.09,13,295
91,0.091,14,298
92,0.092,14,301
93,0.093,14,305
94,0.094,14,308
95,0.095,15,311
96,0.096,15,315
97,0.097,15,318
98,0.098,16,321
99,0.099,16,324
100,0.1,16,328
101,0.101,17,331
102,0.102,17,334
103,0.103,17,338
104,0.104,18,341
105,0.105,18,344
106,0.106,18,347
107,0.107,19,351
108,0.108,19,354
109,0.109,19,357
110,0.11,20,360
111,0.111,20,364
112,0.112,21,367
113,0.113,21,370
114,0.114,21,374
115,0.115,22,377
116,0.116,22,380
117,0.117,22,383
118,0.118,23,387
119,0.119,23,390
120,0.12,24,393
121,0.121,24,397
122,0.122,24,400
123,0.123,25,403
124,0.124,25,406
125,0.125,26,410
126,0.126,26,413
127,0.127,26,416
128,0.128,27,419
129,0.129,27,423
130,0.13,28,426
131,0.131,28,429
132,0.132,29,433
133,0.133,29,436
134,0.134,29,439
135,0.135,30,442
136,0.136,30,446
137,0.137,31,449
138,0.138,31,452
139,0.139,32,456
140,0.14,32,459
141,0.141,33,462
142,0.142,33,465
143,0.143,34,469
144,0.144,34,472
145,0.145,34,475
146,0.146,35,478
147,0.147,35,482
148,0.148,36,485
149,0.149,36,488
150,0.15,37,492
151,0.151,37,495
152,0.152,38,498
153,0.153,38,501
154,0.154,39,505
155,0.155,39,508
156,0.156,40,511
157,0.157,40,514
158,0.158,41,518
159,0.159,41,521
160,0.16,42,524
161,0.161,42,528
162,0.162,43,531
163,0.163,44,534
164,0.164,44,537
165,0.165,45,541
166,0.166,45,544
167,0.167,46,547
168,0.168,46,551
169,0.169,47,554
170,0.17,47,557
171,0.171,48,560
172,0.172,48,564
173,0.173,49,567
174,0.174,50,570
175,0.175,50,573
176,0.176,51,577
177,0.177,51,580
178,0.178,52,583
179,0.179,52,587
180,0.18,53,590
181,0.181,54,593
182,0.182,54,596
183,0.183,55,600
184,0.184,55,603
185,0.185,56,606
186,0.186,57,610
187,0.187,57,613
188,0.188,58,616
189,0.189,59,619
190,0.19,59,623
191,0.191,60,626
192,0.192,60,629
193,0.193,61,632
194,0.194,62,636
195,0.195,62,639
196,0.196,63,642
197,0.197,64,646
198,0.198,64,649
199,0.199,65,652
200,0.2,66,655
201,0.201,66,659
202,0.202,67,662
203,0.203,68,665
204,0.204,68,669
205,0.205,69,672
206,0.206,70,675
207,0.207,70,678
208,0.208,71,682
209,0.209,72,685
210,0.21,72,688
211,0.211,73,691
212,0.212,74,695
213,0.213,74,698
214,0.214,75,701
215,0.215,76,705
216,0.216,76,708
217,0.217,77,711
218,0.218,78,714
219,0.219,79,718
220,0.22,79,721
221,0.221,80,724
222,0.222,81,727
223,0.223,81,731
224,0.224,82,734
225,0.225,83,737
226,0.226,84,741
227,0.227,84,744
228,0.228,85,747
229,0.229,86,750
230,0.23,87,754
231,0.231,87,757
232,0.232,88,760
233,0.233,89,764
234,0.234,90,767
235,0.235,90,770
236,0.236,91,773
237,0.237,92,777
238,0.238,93,780
239,0.239,94,783
240,0.24,94,786
241,0.241,95,790
242,0.242,96,793
243,0.243,97,796
244,0.244,98,800
245,0.245,98,803
246,0.246,99,806
247,0.247,100,809
248,0.248,101,813
249,0.249,102,816
250,0.25,102,819
251,0.251,103,823
252,0.252,104,826
253,0.253,105,829
254,0.254,106,832
255,0.255,107,836
256,0.256,107,839
257,0.257,108,842
258,0.258,109,845
259,0.259,110,849
260,0.26,111,852
261,0.261,112,855
262,0.262,112,859
263,0.263,113,862
264,0.264,114,865
265,0.265,115,868
266,0.266,116,872
267,0.267,117,875
268,0.268,118,878
269,0.269,119,882
270,0.27,119,885
271,0.271,120,888
272,0.272,121,891
273,0.273,122,895
274,0.274,123,898
275,0.275,124,901
276,0.276,125,904
277,0.277,126,908
278,0.278,127,911
279,0.279,128,914
280,0.28,128,918
281,0.281,129,921
282,0.282,130,924
283,0.283,131,927
284,0.284,132,931
285,0.285,133,934
286,0.286,134,937
287,0.287,135,940
288,0.288,136,944
289,0.289,137,947
290,0.29,138,950
291,0.291,139,954
292,0.292,140,957
293,0.293,141,960
294,0.294,142,963
295,0.295,143,967
296,0.296,144,970
297,0.297,145,973
298,0.298,146,977
299,0.299,146,980
300,0.3,147,983
301,0.301,148,986
302,0.302,149,990
303,0.303,150,993
304,0.304,151,996
305,0.305,152,999
306,0.306,153,1003
307,0.307,154,1006
308,0.308,155,1009
309,0.309,156,1013
310,0.31,157,1016
311,0.311,158,1019
312,0.312,159,1022
313,0.313,161,1026
314,0.314,162,1029
315,0.315,163,1032
316,0.316,164,1036
317,0.317,165,1039
318,0.318,166,1042
319,0.319,167,1045
320,0.32,168,1049
321,0.321,169,1052
322,0.322,170,1055
323,0.323,171,1058
324,0.324,172,1062
325,0.325,173,1065
326,0.326,174,1068
327,0.327,175,1072
328,0.328,176,1075
329,0.329,177,1078
330,0.33,178,1081
331,0.331,180,1085
332,0.332,181,1088
333,0.333,182,1091
334,0.334,183,1095
335,0.335,184,1098
336,0.336,185,1101
337,0.337,186,1104
338,0.338,187,1108
339,0.339,188,1111
340,0.34,189,1114
341,0.341,191,1117
342,0.342,192,1121
343,0.343,193,1124
344,0.344,194,1127
345,0.345,195,1131
346,0.346,196,1134
347,0.347,197,1137
348,0.348,198,1140
349,0.349,200,1144
350,0.35,201,1147
351,0.351,202,1150
352,0.352,203,1154
353,0.353,204,1157
354,0.354,205,1160
355,0.355,206,1163
356,0.356,208,1167
357,0.357,209,1170
358,0.358,210,1173
359,0.359,211,1176
360,0.36,212,1180
361,0.361,214,1183
362,0.362,215,1186
363,0.363,216,1190
364,0.364,217,1193
365,0.365,218,1196
366,0.366,219,1199
367,0.367,221,1203
368,0.368,222,1206
369,0.369,223,1209
370,0.37,224,1212
371,0.371,226,1216
372,0.372,227,1219
373,0.373,228,1222
374,0.374,229,1226
375,0.375,230,1229
376,0.376,232,1232
377,0.377,233,1235
378,0.378,234,1239
379,0.379,235,1242
380,0.38,237,1245
381,0.381,238,1249
382,0.382,239,1252
383,0.383,240,1255
384,0.384,242,1258
385,0.385,243,1262
386,0.386,244,1265
387,0.387,245,1268
388,0.388,247,1271
389,0.389,248,1275
390,0.39,249,1278
391,0.391,250,1281
392,0.392,252,1285
393,0.393,253,1288
394,0.394,254,1291
395,0.395,256,1294
396,0.396,257,1298
397,0.397,258,1301
398,0.398,260,1304
399,0.399,261,1308
400,0.4,262,1311
401,0.401,263,1314
402,0.402,265,1317
403,0.403,266,1321
404,0.404,267,1324
405,0.405,269,1327
406,0.406,270,1330
407,0.407,271,1334
408,0.408,273,1337
409,0.409,274,1340
410,0.41,275,1344
411,0.411,277,1347
412,0.412,278,1350
413,0.413,279,1353
414,0.414,281,1357
415,0.415,282,1360
416,0.416,284,1363
417,0.417,285,1367
418,0.418,286,1370
419,0.419,288,1373
420,0.42,289,1376
421,0.421,290,1380
422,0.422,292,1383
423,0.423,293,1386
424,0.424,295,1389
425,0.425,296,1393
426,0.426,297,1396
427,0.427,299,1399
428,0.428,300,1403
429,0.429,302,1406
430,0.43,303,1409
431,0.431,304,1412
432,0.432,306,1416
433,0.433,307,1419
434,0.434,309,1422
435,0.435,310,1425
436,0.436,311,1429
437,0.437,313,1432
438,0.438,314,1435
439,0.439,316,1439
440,0.44,317,1442
441,0.441,319,1445
442,0.442,320,1448
443,0.443,322,1452
444,0.444,323,1455
445,0.445,324,1458
446,0.446,326,1462
447,0.447,327,1465
448,0.448,329,1468
449,0.449,330,1471
450,0.45,332,1475
451,0.451,333,1478
452,0.452,335,1481
453,0.453,336,1484
454,0.454,338,1488
455,0.455,339,1491
456,0.456,341,1494
457,0.457,342,1498
458,0.458,344,1501
459,0.459,345,1504
460,0.46,347,1507
461,0.461,348,1511
462,0.462,350,1514
463,0.463,351,1517
464,0.464,353,1521
465,0.465,354,1524
466,0.466,356,1527
467,0.467,357,1530
468,0.468,359,1534
469,0.469,360,1537
470,0.47,362,1540
471,0.471,363,1543
472,0.472,365,1547
473,0.473,367,1550
474,0.474,368,1553
475,0.475,370,1557
476,0.476,371,1560
477,0.477,373,1563
478,0.478,374,1566
479,0.479,376,1570
480,0.48,378,1573
481,0.481,379,1576
482,0.482,381,1580
483,0.483,382,1583
484,0.484,384,1586
485,0.485,385,1589
486,0.486,387,1593
487,0.487,389,1596
488,0.488,390,1599
489,0.489,392,1602
490,0.49,393,1606
491,0.491,395,1609
492,0.492,397,1612
493,0.493,398,1616
494,0.494,400,1619
495,0.495,401,1622
496,0.496,403,1625
497,0.497,405,1629
498,0.498,406,1632
499,0.499,408,1635
500,0.5,410,1639
501,0.501,411,1642
502,0.502,413,1645
503,0.503,415,1648
504,0.504,416,1652
505,0.505,418,1655
506,0.506,420,1658
507,0.507,421,1661
508,0.508,423,1665
509,0.509,425,1668
510,0.51,426,1671
511,0.511,428,1675
512,0.512,430,1678
513,0.513,431,1681
514,0.514,433,1684
515,0.515,435,1688
516,0.516,436,1691
517,0.517,438,1694
518,0.518,440,1697
519,0.519,441,1701
520,0.52,443,1704
521,0.521,445,1707
522,0.522,446,1711
523,0.523,448,1714
524,0.524,450,1717
525,0.525,452,1720
526,0.526,453,1724
527,0.527,455,1727
528,0.528,457,1730
529,0.529,459,1734
530,0.53,460,1737
531,0.531,462,1740
532,0.532,464,1743
533,0.533,465,1747
534,0.534,467,1750
535,0.535,469,1753
536,0.536,471,1756
537,0.537,472,1760
538,0.538,474,1763
539,0.539,476,1766
540,0.54,478,1770
541,0.541,480,1773
542,0.542,481,1776
543,0.543,483,1779
544,0.544,485,1783
545,0.545,487,1786
546,0.546,488,1789
547,0.547,490,1793
548,0.548,492,1796
549,0.549,494,1799
550,0.55,496,1802
551,0.551,497,1806
552,0.552,499,1809
553,0.553,501,1812
554,0.554,503,1815
555,0.555,505,1819
556,0.556,507,1822
557,0.557,508,1825
558,0.558,510,1829
559,0.559,512,1832
560,0.56,514,1835
561,0.561,516,1838
562,0.562,518,1842
563,0.563,519,1845
564,0.564,521,1848
565,0.565,523,1852
566,0.566,525,1855
567,0.567,527,1858
568,0.568,529,1861
569,0.569,530,1865
570,0.57,532,1868
571,0.571,534,1871
572,0.572,536,1874
573,0.573,538,1878
574,0.574,540,1881
575,0.575,542,1884
576,0.576,544,1888
577,0.577,546,1891
578,0.578,547,1894
579,0.579,549,1897
580,0.58,551,1901
581,0.581,553,1904
582,0.582,555,1907
583,0.583,557,1910
584,0.584,559,1914
585,0.585,561,1917
586,0.586,563,1920
587,0.587,565,1924
588,0.588,567,1927
589,0.589,568,1930
590,0.59,570,1933
591,0.591,572,1937
592,0.592,574,1940
593,0.593,576,1943
594,0.594,578,1947
595,0.595,580,1950
596,0.596,582,1953
597,0.597,584,1956
598,0.598,586,1960
599,0.599,588,1963
600,0.6,590,1966
601,0.601,592,1969
602,0.602,594,1973
603,0.603,596,1976
604,0.604,598,1979
605,0.605,600,1983
606,0.606,602,1986
607,0.607,604,1989
608,0.608,606,1992
609,0.609,608,1996
610,0.61,610,1999
611,0.611,612,2002
612,0.612,614,2006
613,0.613,616,2009
614,0.614,618,2012
615,0.615,620,2015
616,0.616,622,2019
617,0.617,624,2022
618,0.618,626,2025
619,0.619,628,2028
620,0.62,630,2032
621,0.621,632,2035
622,0.622,634,2038
623,0.623,636,2042
624,0.624,638,2045
625,0.625,640,2048
626,0.626,642,2051
627,0.627,644,2055
628,0.628,646,2058
629,0.629,648,2061
630,0.63,650,2065
631,0.631,652,2068
632,0.632,654,2071
633,0.633,657,2074
634,0.634,659,2078
635,0.635,661,2081
636,0.636,663,2084
637,0.637,665,2087
638,0.638,667,2091
639,0.639,669,2094
640,0.64,671,2097
641,0.641,673,2101
642,0.642,675,2104
643,0.643,677,2107
644,0.644,680,2110
645,0.645,682,2114
646,0.646,684,2117
647,0.647,686,2120
648,0.648,688,2123
649,0.649,690,2127
650,0.65,692,2130
651,0.651,694,2133
652,0.652,697,2137
653,0.653,699,2140
654,0.654,701,2143
655,0.655,703,2146
656,0.656,705,2150
657,0.657,707,2153
658,0.658,709,2156
659,0.659,712,2160
660,0.66,714,2163
661,0.661,716,2166
662,0.662,718,2169
663,0.663,720,2173
664,0.664,722,2176
665,0.665,725,2179
666,0.666,727,2182
667,0.667,729,2186
668,0.668,731,2189
669,0.669,733,2192
670,0.67,736,2196
671,0.671,738,2199
672,0.672,740,2202
673,0.673,742,2205
674,0.674,744,2209
675,0.675,747,2212
676,0.676,749,2215
677,0.677,751,2219
678,0.678,753,2222
679,0.679,755,2225
680,0.68,758,2228
681,0.681,760,2232
682,0.682,762,2235
683,0.683,764,2238
684,0.684,767,2241
685,0.685,769,2245
686,0.686,771,2248
687,0.687,773,2251
688,0.688,776,2255
689,0.689,778,2258
690,0.69,780,2261
691,0.691,782,2264
692,0.692,785,2268
693,0.693,787,2271
694,0.694,789,2274
695,0.695,791,2278
696,0.696,794,2281
697,0.697,796,2284
698,0.698,798,2287
699,0.699,801,2291
700,0.7,803,2294
701,0.701,805,2297
702,0.702,807,2300
703,0.703,810,2304
704,0.704,812,2307
705,0.705,814,2310
706,0.706,817,2314
707,0.707,819,2317
708,0.708,821,2320
709,0.709,824,2323
710,0.71,826,2327
711,0.711,828,2330
712,0.712,831,2333
713,0.713,833,2337
714,0.714,835,2340
715,0.715,838,2343
716,0.716,840,2346
717,0.717,842,2350
718,0.718,845,2353
719,0.719,847,2356
720,0.72,849,2359
721,0.721,852,2363
722,0.722,854,2366
723,0.723,856,2369
724,0.724,859,2373
725,0.725,861,2376
726,0.726,864,2379
727,0.727,866,2382
728,0.728,868,2386
729,0.729,871,2389
730,0.73,873,2392
731,0.731,876,2395
732,0.732,878,2399
733,0.733,880,2402
734,0.734,883,2405
735,0.735,885,2409
736,0.736,888,2412
737,0.737,890,2415
738,0.738,892,2418
739,0.739,895,2422
740,0.74,897,2425
741,0.741,900,2428
742,0.742,902,2432
743,0.743,905,2435
744,0.744,907,2438
745,0.745,909,2441
746,0.746,912,2445
747,0.747,914,2448
748,0.748,917,2451
749,0.749,919,2454
750,0.75,922,2458
751,0.751,924,2461
752,0.752,927,2464
753,0.753,929,2468
754,0.754,932,2471
755,0.755,934,2474
756,0.756,936,2477
757,0.757,939,2481
758,0.758,941,2484
759,0.759,944,2487
760,0.76,946,2491
761,0.761,949,2494
762,0.762,951,2497
763,0.763,954,2500
764,0.764,956,2504
765,0.765,959,2507
766,0.766,961,2510
767,0.767,964,2513
768,0.768,966,2517
769,0.769,969,2520
770,0.77,971,2523
771,0.771,974,2527
772,0.772,977,2530
773,0.773,979,2533
774,0.774,982,2536
775,0.775,984,2540
776,0.776,987,2543
777,0.777,989,2546
778,0.778,992,2550
779,0.779,994,2553
780,0.78,997,2556
781,0.781,999,2559
782,0.782,1002,2563
783,0.783,1005,2566
784,0.784,1007,2569
785,0.785,1010,2572
786,0.786,1012,2576
787,0.787,1015,2579
788,0.788,1017,2582
789,0.789,1020,2586
790,0.79,1023,2589
791,0.791,1025,2592
792,0.792,1028,2595
793,0.793,1030,2599
794,0.794,1033,2602
795,0.795,1036,2605
796,0.796,1038,2608
797,0.797,1041,2612
798,0.798,1043,2615
799,0.799,1046,2618
800,0.8,1049,2622
801,0.801,1051,2625
802,0.802,1054,2628
803,0.803,1057,2631
804,0.804,1059,2635
805,0.805,1062,2638
806,0.806,1064,2641
807,0.807,1067,2645
808,0.808,1070,2648
809,0.809,1072,2651
810,0.81,1075,2654
811,0.811,1078,2658
812,0.812,1080,2661
813,0.813,1083,2664
814,0.814,1086,2667
815,0.815,1088,2671
816,0.816,1091,2674
817,0.817,1094,2677
818,0.818,1096,2681
819,0.819,1099,2684
820,0.82,1102,2687
821,0.821,1104,2690
822,0.822,1107,2694
823,0.823,1110,2697
824,0.824,1113,2700
825,0.825,1115,2704
826,0.826,1118,2707
827,0.827,1121,2710
828,0.828,1123,2713
829,0.829,1126,2717
830,0.83,1129,2720
831,0.831,1131,2723
832,0.832,1134,2726
833,0.833,1137,2730
834,0.834,1140,2733
835,0.835,1142,2736
836,0.836,1145,2740
837,0.837,1148,2743
838,0.838,1151,2746
839,0.839,1153,2749
840,0.84,1156,2753
841,0.841,1159,2756
842,0.842,1162,2759
843,0.843,1164,2763
844,0.844,1167,2766
845,0.845,1170,2769
846,0.846,1173,2772
847,0.847,1175,2776
848,0.848,1178,2779
849,0.849,1181,2782
850,0.85,1184,2785
851,0.851,1187,2789
852,0.852,1189,2792
853,0.853,1192,2795
854,0.854,1195,2799
855,0.855,1198,2802
856,0.856,1201,2805
857,0.857,1203,2808
858,0.858,1206,2812
859,0.859,1209,2815
860,0.86,1212,2818
861,0.861,1215,2821
862,0.862,1217,2825
863,0.863,1220,2828
864,0.864,1223,2831
865,0.865,1226,2835
866,0.866,1229,2838
867,0.867,1232,2841
868,0.868,1234,2844
869,0.869,1237,2848
870,0.87,1240,2851
871,0.871,1243,2854
872,0.872,1246,2858
873,0.873,1249,2861
874,0.874,1252,2864
875,0.875,1254,2867
876,0.876,1257,2871
877,0.877,1260,2874
878,0.878,1263,2877
879,0.879,1266,2880
880,0.88,1269,2884
881,0.881,1272,2887
882,0.882,1275,2890
883,0.883,1278,2894
884,0.884,1280,2897
885,0.885,1283,2900
886,0.886,1286,2903
887,0.887,1289,2907
888,0.888,1292,2910
889,0.889,1295,2913
890,0.89,1298,2917
891,0.891,1301,2920
892,0.892,1304,2923
893,0.893,1307,2926
894,0.894,1310,2930
895,0.895,1312,2933
896,0.896,1315,2936
897,0.897,1318,2939
898,0.898,1321,2943
899,0.899,1324,2946
900,0.9,1327,2949
901,0.901,1330,2953
902,0.902,1333,2956
903,0.903,1336,2959
904,0.904,1339,2962
905,0.905,1342,2966
906,0.906,1345,2969
907,0.907,1348,2972
908,0.908,1351,2976
909,0.909,1354,2979
910,0.91,1357,2982
911,0.911,1360,2985
912,0.912,1363,2989
913,0.913,1366,2992
914,0.914,1369,2995
915,0.915,1372,2998
916,0.916,1375,3002
917,0.917,1378,3005
918,0.918,1381,3008
919,0.919,1384,3012
920,0.92,1387,3015
921,0.921,1390,3018
922,0.922,1393,3021
923,0.923,1396,3025
924,0.924,1399,3028
925,0.925,1402,3031
926,0.926,1405,3035
927,0.927,1408,3038
928,0.928,1411,3041
929,0.929,1414,3044
930,0.93,1417,3048
931,0.931,1420,3051
932,0.932,1423,3054
933,0.933,1426,3057
934,0.934,1429,3061
935,0.935,1432,3064
936,0.936,1435,3067
937,0.937,1439,3071
938,0.938,1442,3074
939,0.939,1445,3077
940,0.94,1448,3080
941,0.941,1451,3084
942,0.942,1454,3087
943,0.943,1457,3090
944,0.944,1460,3093
945,0.945,1463,3097
946,0.946,1466,3100
947,0.947,1469,3103
948,0.948,1473,3107
949,0.949,1476,3110
950,0.95,1479,3113
951,0.951,1482,3116
952,0.952,1485,3120
953,0.953,1488,3123
954,0.954,1491,3126
955,0.955,1494,3130
956,0.956,1497,3133
957,0.957,1501,3136
958,0.958,1504,3139
959,0.959,1507,3143
960,0.96,1510,3146
961,0.961,1513,3149
962,0.962,1516,3152
963,0.963,1519,3156
964,0.964,1523,3159
965,0.965,1526,3162
966,0.966,1529,3166
967,0.967,1532,3169
968,0.968,1535,3172
969,0.969,1538,3175
970,0.97,1542,3179
971,0.971,1545,3182
972,0.972,1548,3185
973,0.973,1551,3189
974,0.974,1554,3192
975,0.975,1558,3195
976,0.976,1561,3198
977,0.977,1564,3202
978,0.978,1567,3205
979,0.979,1570,3208
980,0.98,1574,3211
981,0.981,1577,3215
982,0.982,1580,3218
983,0.983,1583,3221
984,0.984,1586,3225
985,0.985,1590,3228
986,0.986,1593,3231
987,0.987,1596,3234
988,0.988,1599,3238
989,0.989,1603,3241
990,0.99,1606,3244
991,0.991,1609,3248
992,0.992,1612,3251
993,0.993,1616,3254
994,0.994,1619,3257
995,0.995,1622,3261
996,0.996,1625,3264
997,0.997,1629,3267
998,0.998,1632,3270
999,0.999,1635,3274
1000,1,1639,3277
1001,1.001,1642,3277
1002,1.002,1645,3277
1003,1.003,1648,3277
1004,1.004,1652,3277
1005,1.005,1655,3277
1006,1.006,1658,3277
1007,1.007,1661,3277
1008,1.008,1665,3277
1009,1.009,1668,3277
1010,1.01,1671,3277
1011,1.011,1675,3277
1012,1.012,1678,3277
1013,1.013,1681,3277
1014,1.014,1684,3277
1015,1.015,1688,3277
1016,1.016,1691,3277
1017,1.017,1694,3277
1018,1.018,1697,3277
1019,1.019,1701,3277
1020,1.02,1704,3277
1021,1.021,1707,3277
1022,1.022,1711,3277
1023,1.023,1714,3277
1024,1.024,1717,3277
1025,1.025,1720,3277
1026,1.026,1724,3277
1027,1.027,1727,3277
1028,1.028,1730,3277
1029,1.029,1734,3277
1030,1.03,1737,3277
1031,1.031,1740,3277
1032,1.032,1743,3277
1033,1.033,1747,3277
1034,1.034,1750,3277
1035,1.035,1753,3277
1036,1.036,1756,3277
1037,1.037,1760,3277
1038,1.038,1763,3277
1039,1.039,1766,3277
1040,1.04,1770,3277
1041,1.041,1773,3277
1042,1.042,1776,3277
1043,1.043,1779,3277
1044,1.044,1783,3277
1045,1.045,1786,3277
1046,1.046,1789,3277
1047,1.047,1793,3277
1048,1.048,1796,3277
1049,1.049,1799,3277
1050,1.05,1802,3277
1051,1.051,1806,3277
1052,1.052,1809,3277
1053,1.053,1812,3277
1054,1.054,1815,3277
1055,1.055,1819,3277
1056,1.056,1822,3277
1057,1.057,1825,3277
1058,1.058,1829,3277
1059,1.059,1832,3277
1060,1.06,1835,3277
1061,1.061,1838,3277
1062,1.062,1842,3277
1063,1.063,1845,3277
1064,1.064,1848,3277
1065,1.065,1852,3277
1066,1.066,1855,3277
1067,1.067,1858,3277
1068,1.068,1861,3277
1069,1.069,1865,3277
1070,1.07,1868,3277
1071,1.071,1871,3277
1072,1.072,1874,3277
1073,1.073,1878,3277
1074,1.074,1881,3277
1075,1.075,1884,3277
1076,1.076,1888,3277
1077,1.077,1891,3277
1078,1.078,1894,3277
1079,1.079,1897,3277
1080,1.08,1901,3277
1081,1.081,1904,3277
1082,1.082,1907,3277
1083,1.083,1910,3277
1084,1.084,1914,3277
1085,1.085,1917,3277
1086,1.086,1920,3277
1087,1.087,1924,3277
1088,1.088,1927,3277
1089,1.089,1930,3277
1090,1.09,1933,3277
1091,1.091,1937,3277
1092,1.092,1940,3277
1093,1.093,1943,3277
1094,1.094,1947,3277
1095,1.095,1950,3277
1096,1.096,1953,3277
1097,1.097,1956,3277
1098,1.098,1960,3277
1099,1.099,1963,3277
1100,1.1,1966,3277
1101,1.101,1969,3277
1102,1.102,1973,3277
1103,1.103,1976,3277
1104,1.104,1979,3277
1105,1.105,1983,3277
1106,1.106,1986,3277
1107,1.107,1989,3277
1108,1.108,1992,3277
1109,1.109,1996,3277
1110,1.11,1999,3277
1111,1.111,2002,3277
1112,1.112,2006,3277
1113,1.113,2009,3277
1114,1.114,2012,3277
1115,1.115,2015,3277
1116,1.116,2019,3277
1117,1.117,2022,3277
1118,1.118,2025,3277
1119,1.119,2028,3277
1120,1.12,2032,3277
1121,1.121,2035,3277
1122,1.122,2038,3277
1123,1.123,2042,3277
1124,1.124,2045,3277
1125,1.125,2048,3277
1126,1.126,2051,3277
1127,1.127,2055,3277
1128,1.128,2058,3277
1129,1.129,2061,3277
1130,1.13,2065,3277
1131,1.131,2068,3277
1132,1.132,2071,3277
1133,1.133,2074,3277
1134,1.134,2078,3277
1135,1.135,2081,3277
1136,1.136,2084,3277
1137,1.137,2087,3277
1138,1.138,2091,3277
1139,1.139,2094,3277
1140,1.14,2097,3277
1141,1.141,2101,3277
1142,1.142,2104,3277
1143,1.143,2107,3277
1144,1.144,2110,3277
1145,1.145,2114,3277
1146,1.146,2117,3277
1147,1.147,2120,3277
1148,1.148,2123,3277
1149,1.149,2127,3277
1150,1.15,2130,3277
1151,1.151,2133,3277
1152,1.152,2137,3277
1153,1.153,2140,3277
1154,1.154,2143,3277
1155,1.155,2146,3277
1156,1.156,2150,3277
1157,1.157,2153,3277
1158,1.158,2156,3277
1159,1.159,2160,3277
1160,1.16,2163,3277
1161,1.161,2166,3277
1162,1.162,2169,3277
1163,1.163,2173,3277
1164,1.164,2176,3277
1165,1.165,2179,3277
1166,1.166,2182,3277
1167,1.167,2186,3277
1168,1.168,2189,3277
1169,1.169,2192,3277
1170,1.17,2196,3277
1171,1.171,2199,3277
1172,1.172,2202,3277
1173,1.173,2205,3277
1174,1.174,2209,3277
1175,1.175,2212,3277
1176,1.176,2215,3277
1177,1.177,2219,3277
1178,1.178,2222,3277
1179,1.179,2225,3277
1180,1.18,2228,3277
1181,1.181,2232,3277
1182,1.182,2235,3277
1183,1.183,2238,3277
1184,1.184,2241,3277
1185,1.185,2245,3277
1186,1.186,2248,3277
1187,1.187,2251,3277
1188,1.188,2255,3277
1189,1.189,2258,3277
1190,1.19,2261,3277
1191,1.191,2264,3277
1192,1.192,2268,3277
1193,1.193,2271,3277
1194,1.194,2274,3277
1195,1.195,2278,3277
1196,1.196,2281,3277
1197,1.197,2284,3277
1198,1.198,2287,3277
1199,1.199,2291,3277
1200,1.2,2294,3277
1201,1.201,2297,3277
1202,1.202,2300,3277
1203,1.203,2304,3277
1204,1.204,2307,3277
1205,1.205,2310,3277
1206,1.206,2314,3277
1207,1.207,2317,3277
1208,1.208,2320,3277
1209,1.209,2323,3277
1210,1.21,2327,3277
1211,1.211,2330,3277
1212,1.212,2333,3277
1213,1.213,2337,3277
1214,1.214,2340,3277
1215,1.215,2343,3277
1216,1.216,2346,3277
1217,1.217,2350,3277
1218,1.218,2353,3277
1219,1.219,2356,3277
1220,1.22,2359,3277
1221,1.221,2363,3277
1222,1.222,2366,3277
1223,1.223,2369,3277
1224,1.224,2373,3277
1225,1.225,2376,3277
1226,1.226,2379,3277
1227,1.227,2382,3277
1228,1.228,2386,3277
1229,1.229,2389,3277
1230,1.23,2392,3277
1231,1.231,2395,3277
1232,1.232,2399,3277
1233,1.233,2402,3277
1234,1.234,2405,3277
1235,1.235,2409,3277
1236,1.236,2412,3277
1237,1.237,2415,3277
1238,1.238,2418,3277
1239,1.239,2422,3277
1240,1.24,2425,3277
1241,1.241,2428,3277
1242,1.242,2432,3277
1243,1.243,2435,3277
1244,1.244,2438,3277
1245,1.245,2441,3277
1246,1.246,2445,3277
1247,1.247,2448,3277
1248,1.248,2451,3277
1249,1.249,2454,3277
1250,1.25,2458,3277
1251,1.251,2461,3273
1252,1.252,2464,3270
1253,1.253,2468,3267
1254,1.254,2471,3264
1255,1.255,2474,3260
1256,1.256,2477,3257
1257,1.257,2481,3254
1258,1.258,2484,3251
1259,1.259,2487,3247
1260,1.26,2490,3244
1261,1.261,2494,3241
1262,1.262,2497,3237
1263,1.263,2500,3234
1264,1.264,2503,3231
1265,1.265,2507,3228
1266,1.266,2510,3224
1267,1.267,2513,3221
1268,1.268,2516,3218
1269,1.269,2519,3214
1270,1.27,2523,3211
1271,1.271,2526,3208
1272,1.272,2529,3205
1273,1.273,2532,3201
1274,1.274,2535,3198
1275,1.275,2539,3195
1276,1.276,2542,3192
1277,1.277,2545,3188
1278,1.278,2548,3185
1279,1.279,2551,3182
1280,1.28,2555,3178
1281,1.281,2558,3175
1282,1.282,2561,3172
1283,1.283,2564,3169
1284,1.284,2567,3165
1285,1.285,2570,3162
1286,1.286,2574,3159
1287,1.287,2577,3156
1288,1.288,2580,3152
1289,1.289,2583,3149
1290,1.29,2586,3146
1291,1.291,2589,3142
1292,1.292,2592,3139
1293,1.293,2596,3136
1294,1.294,2599,3133
1295,1.295,2602,3129
1296,1.296,2605,3126
1297,1.297,2608,3123
1298,1.298,2611,3119
1299,1.299,2614,3116
1300,1.3,2617,3113
1301,1.301,2621,3110
1302,1.302,2624,3106
1303,1.303,2627,3103
1304,1.304,2630,3100
1305,1.305,2633,3097
1306,1.306,2636,3093
1307,1.307,2639,3090
1308,1.308,2642,3087
1309,1.309,2645,3083
1310,1.31,2648,3080
1311,1.311,2652,3077
1312,1.312,2655,3074
1313,1.313,2658,3070
1314,1.314,2661,3067
1315,1.315,2664,3064
1316,1.316,2667,3060
1317,1.317,2670,3057
1318,1.318,2673,3054
1319,1.319,2676,3051
1320,1.32,2679,3047
1321,1.321,2682,3044
1322,1.322,2685,3041
1323,1.323,2688,3038
1324,1.324,2691,3034
1325,1.325,2694,3031
1326,1.326,2697,3028
1327,1.327,2700,3024
1328,1.328,2703,3021
1329,1.329,2706,3018
1330,1.33,2709,3015
1331,1.331,2712,3011
1332,1.332,2715,3008
1333,1.333,2718,3005
1334,1.334,2721,3001
1335,1.335,2724,2998
1336,1.336,2727,2995
1337,1.337,2730,2992
1338,1.338,2733,2988
1339,1.339,2736,2985
1340,1.34,2739,2982
1341,1.341,2742,2979
1342,1.342,2745,2975
1343,1.343,2748,2972
1344,1.344,2751,2969
1345,1.345,2754,2965
1346,1.346,2757,2962
1347,1.347,2760,2959
1348,1.348,2763,2956
1349,1.349,2766,2952
1350,1.35,2769,2949
1351,1.351,2772,2946
1352,1.352,2775,2942
1353,1.353,2778,2939
1354,1.354,2781,2936
1355,1.355,2784,2933
1356,1.356,2787,2929
1357,1.357,2790,2926
1358,1.358,2793,2923
1359,1.359,2795,2920
1360,1.36,2798,2916
1361,1.361,2801,2913
1362,1.362,2804,2910
1363,1.363,2807,2906
1364,1.364,2810,2903
1365,1.365,2813,2900
1366,1.366,2816,2897
1367,1.367,2819,2893
1368,1.368,2822,2890
1369,1.369,2824,2887
1370,1.37,2827,2884
1371,1.371,2830,2880
1372,1.372,2833,2877
1373,1.373,2836,2874
1374,1.374,2839,2870
1375,1.375,2842,2867
1376,1.376,2845,2864
1377,1.377,2847,2861
1378,1.378,2850,2857
1379,1.379,2853,2854
1380,1.38,2856,2851
1381,1.381,2859,2847
1382,1.382,2862,2844
1383,1.383,2865,2841
1384,1.384,2867,2838
1385,1.385,2870,2834
1386,1.386,2873,2831
1387,1.387,2876,2828
1388,1.388,2879,2825
1389,1.389,2882,2821
1390,1.39,2884,2818
1391,1.391,2887,2815
1392,1.392,2890,2811
1393,1.393,2893,2808
1394,1.394,2896,2805
1395,1.395,2898,2802
1396,1.396,2901,2798
1397,1.397,2904,2795
1398,1.398,2907,2792
1399,1.399,2910,2788
1400,1.4,2912,2785
1401,1.401,2915,2782
1402,1.402,2918,2779
1403,1.403,2921,2775
1404,1.404,2924,2772
1405,1.405,2926,2769
1406,1.406,2929,2766
1407,1.407,2932,2762
1408,1.408,2935,2759
1409,1.409,2937,2756
1410,1.41,2940,2752
1411,1.411,2943,2749
1412,1.412,2946,2746
1413,1.413,2948,2743
1414,1.414,2951,2739
1415,1.415,2954,2736
1416,1.416,2957,2733
1417,1.417,2959,2729
1418,1.418,2962,2726
1419,1.419,2965,2723
1420,1.42,2967,2720
1421,1.421,2970,2716
1422,1.422,2973,2713
1423,1.423,2976,2710
1424,1.424,2978,2707
1425,1.425,2981,2703
1426,1.426,2984,2700
1427,1.427,2986,2697
1428,1.428,2989,2693
1429,1.429,2992,2690
1430,1.43,2994,2687
1431,1.431,2997,2684
1432,1.432,3000,2680
1433,1.433,3003,2677
1434,1.434,3005,2674
1435,1.435,3008,2671
1436,1.436,3011,2667
1437,1.437,3013,2664
1438,1.438,3016,2661
1439,1.439,3019,2657
1440,1.44,3021,2654
1441,1.441,3024,2651
1442,1.442,3026,2648
1443,1.443,3029,2644
1444,1.444,3032,2641
1445,1.445,3034,2638
1446,1.446,3037,2634
1447,1.447,3040,2631
1448,1.448,3042,2628
1449,1.449,3045,2625
1450,1.45,3048,2621
1451,1.451,3050,2618
1452,1.452,3053,2615
1453,1.453,3055,2612
1454,1.454,3058,2608
1455,1.455,3061,2605
1456,1.456,3063,2602
1457,1.457,3066,2598
1458,1.458,3068,2595
1459,1.459,3071,2592
1460,1.46,3074,2589
1461,1.461,3076,2585
1462,1.462,3079,2582
1463,1.463,3081,2579
1464,1.464,3084,2575
1465,1.465,3087,2572
1466,1.466,3089,2569
1467,1.467,3092,2566
1468,1.468,3094,2562
1469,1.469,3097,2559
1470,1.47,3099,2556
1471,1.471,3102,2553
1472,1.472,3104,2549
1473,1.473,3107,2546
1474,1.474,3110,2543
1475,1.475,3112,2539
1476,1.476,3115,2536
1477,1.477,3117,2533
1478,1.478,3120,2530
1479,1.479,3122,2526
1480,1.48,3125,2523
1481,1.481,3127,2520
1482,1.482,3130,2516
1483,1.483,3132,2513
1484,1.484,3135,2510
1485,1.485,3137,2507
1486,1.486,3140,2503
1487,1.487,3142,2500
1488,1.488,3145,2497
1489,1.489,3147,2494
1490,1.49,3150,2490
1491,1.491,3152,2487
1492,1.492,3155,2484
1493,1.493,3157,2480
1494,1.494,3160,2477
1495,1.495,3162,2474
1496,1.496,3165,2471
1497,1.497,3167,2467
1498,1.498,3170,2464
1499,1.499,3172,2461
1500,1.5,3175,2458
1501,1.501,3177,2454
1502,1.502,3179,2451
1503,1.503,3182,2448
1504,1.504,3184,2444
1505,1.505,3187,2441
1506,1.506,3189,2438
1507,1.507,3192,2435
1508,1.508,3194,2431
1509,1.509,3197,2428
1510,1.51,3199,2425
1511,1.511,3201,2421
1512,1.512,3204,2418
1513,1.513,3206,2415
1514,1.514,3209,2412
1515,1.515,3211,2408
1516,1.516,3213,2405
1517,1.517,3216,2402
1518,1.518,3218,2399
1519,1.519,3221,2395
1520,1.52,3223,2392
1521,1.521,3225,2389
1522,1.522,3228,2385
1523,1.523,3230,2382
1524,1.524,3233,2379
1525,1.525,3235,2376
1526,1.526,3237,2372
1527,1.527,3240,2369
1528,1.528,3242,2366
1529,1.529,3244,2362
1530,1.53,3247,2359
1531,1.531,3249,2356
1532,1.532,3251,2353
1533,1.533,3254,2349
1534,1.534,3256,2346
1535,1.535,3259,2343
1536,1.536,3261,2340
1537,1.537,3263,2336
1538,1.538,3266,2333
1539,1.539,3268,2330
1540,1.54,3270,2326
1541,1.541,3273,2323
1542,1.542,3275,2320
1543,1.543,3277,2317
1544,1.544,3279,2313
1545,1.545,3282,2310
1546,1.546,3284,2307
1547,1.547,3286,2303
1548,1.548,3289,2300
1549,1.549,3291,2297
1550,1.55,3293,2294
1551,1.551,3296,2290
1552,1.552,3298,2287
1553,1.553,3300,2284
1554,1.554,3302,2281
1555,1.555,3305,2277
1556,1.556,3307,2274
1557,1.557,3309,2271
1558,1.558,3312,2267
1559,1.559,3314,2264
1560,1.56,3316,2261
1561,1.561,3318,2258
1562,1.562,3321,2254
1563,1.563,3323,2251
1564,1.564,3325,2248
1565,1.565,3327,2244
1566,1.566,3330,2241
1567,1.567,3332,2238
1568,1.568,3334,2235
1569,1.569,3336,2231
1570,1.57,3339,2228
1571,1.571,3341,2225
1572,1.572,3343,2222
1573,1.573,3345,2218
1574,1.574,3347,2215
1575,1.575,3350,2212
1576,1.576,3352,2208
1577,1.577,3354,2205
1578,1.578,3356,2202
1579,1.579,3358,2199
1580,1.58,3361,2195
1581,1.581,3363,2192
1582,1.582,3365,2189
1583,1.583,3367,2186
1584,1.584,3369,2182
1585,1.585,3372,2179
1586,1.586,3374,2176
1587,1.587,3376,2172
1588,1.588,3378,2169
1589,1.589,3380,2166
1590,1.59,3382,2163
1591,1.591,3385,2159
1592,1.592,3387,2156
1593,1.593,3389,2153
1594,1.594,3391,2149
1595,1.595,3393,2146
1596,1.596,3395,2143
1597,1.597,3397,2140
1598,1.598,3400,2136
1599,1.599,3402,2133
1600,1.6,3404,2130
1601,1.601,3406,2127
1602,1.602,3408,2123
1603,1.603,3410,2120
1604,1.604,3412,2117
1605,1.605,3415,2113
1606,1.606,3417,2110
1607,1.607,3419,2107
1608,1.608,3421,2104
1609,1.609,3423,2100
1610,1.61,3425,2097
1611,1.611,3427,2094
1612,1.612,3429,2090
1613,1.613,3431,2087
1614,1.614,3433,2084
1615,1.615,3435,2081
1616,1.616,3438,2077
1617,1.617,3440,2074
1618,1.618,3442,2071
1619,1.619,3444,2068
1620,1.62,3446,2064
1621,1.621,3448,2061
1622,1.622,3450,2058
1623,1.623,3452,2054
1624,1.624,3454,2051
1625,1.625,3456,2048
1626,1.626,3458,2045
1627,1.627,3460,2041
1628,1.628,3462,2038
1629,1.629,3464,2035
1630,1.63,3466,2031
1631,1.631,3468,2028
1632,1.632,3470,2025
1633,1.633,3472,2022
1634,1.634,3474,2018
1635,1.635,3476,2015
1636,1.636,3478,2012
1637,1.637,3480,2009
1638,1.638,3482,2005
1639,1.639,3484,2002
1640,1.64,3486,1999
1641,1.641,3488,1995
1642,1.642,3490,1992
1643,1.643,3492,1989
1644,1.644,3494,1986
1645,1.645,3496,1982
1646,1.646,3498,1979
1647,1.647,3500,1976
1648,1.648,3502,1973
1649,1.649,3504,1969
1650,1.65,3506,1966
1651,1.651,3508,1963
1652,1.652,3510,1959
1653,1.653,3512,1956
1654,1.654,3514,1953
1655,1.655,3516,1950
1656,1.656,3518,1946
1657,1.657,3520,1943
1658,1.658,3522,1940
1659,1.659,3524,1936
1660,1.66,3526,1933
1661,1.661,3528,1930
1662,1.662,3530,1927
1663,1.663,3532,1923
1664,1.664,3533,1920
1665,1.665,3535,1917
1666,1.666,3537,1914
1667,1.667,3539,1910
1668,1.668,3541,1907
1669,1.669,3543,1904
1670,1.67,3545,1900
1671,1.671,3547,1897
1672,1.672,3549,1894
1673,1.673,3551,1891
1674,1.674,3553,1887
1675,1.675,3554,1884
1676,1.676,3556,1881
1677,1.677,3558,1877
1678,1.678,3560,1874
1679,1.679,3562,1871
1680,1.68,3564,1868
1681,1.681,3566,1864
1682,1.682,3568,1861
1683,1.683,3569,1858
1684,1.684,3571,1855
1685,1.685,3573,1851
1686,1.686,3575,1848
1687,1.687,3577,1845
1688,1.688,3579,1841
1689,1.689,3580,1838
1690,1.69,3582,1835
1691,1.691,3584,1832
1692,1.692,3586,1828
1693,1.693,3588,1825
1694,1.694,3590,1822
1695,1.695,3591,1818
1696,1.696,3593,1815
1697,1.697,3595,1812
1698,1.698,3597,1809
1699,1.699,3599,1805
1700,1.7,3600,1802
1701,1.701,3602,1799
1702,1.702,3604,1796
1703,1.703,3606,1792
1704,1.704,3608,1789
1705,1.705,3609,1786
1706,1.706,3611,1782
1707,1.707,3613,1779
1708,1.708,3615,1776
1709,1.709,3617,1773
1710,1.71,3618,1769
1711,1.711,3620,1766
1712,1.712,3622,1763
1713,1.713,3624,1759
1714,1.714,3625,1756
1715,1.715,3627,1753
1716,1.716,3629,1750
1717,1.717,3631,1746
1718,1.718,3632,1743
1719,1.719,3634,1740
1720,1.72,3636,1737
1721,1.721,3638,1733
1722,1.722,3639,1730
1723,1.723,3641,1727
1724,1.724,3643,1723
1725,1.725,3645,1720
1726,1.726,3646,1717
1727,1.727,3648,1714
1728,1.728,3650,1710
1729,1.729,3651,1707
1730,1.73,3653,1704
1731,1.731,3655,1701
1732,1.732,3656,1697
1733,1.733,3658,1694
1734,1.734,3660,1691
1735,1.735,3662,1687
1736,1.736,3663,1684
1737,1.737,3665,1681
1738,1.738,3667,1678
1739,1.739,3668,1674
1740,1.74,3670,1671
1741,1.741,3672,1668
1742,1.742,3673,1664
1743,1.743,3675,1661
1744,1.744,3677,1658
1745,1.745,3678,1655
1746,1.746,3680,1651
1747,1.747,3682,1648
1748,1.748,3683,1645
1749,1.749,3685,1642
1750,1.75,3686,1638
1751,1.751,3688,1635
1752,1.752,3690,1632
1753,1.753,3691,1628
1754,1.754,3693,1625
1755,1.755,3695,1622
1756,1.756,3696,1619
1757,1.757,3698,1615
1758,1.758,3700,1612
1759,1.759,3701,1609
1760,1.76,3703,1605
1761,1.761,3704,1602
1762,1.762,3706,1599
1763,1.763,3708,1596
1764,1.764,3709,1592
1765,1.765,3711,1589
1766,1.766,3712,1586
1767,1.767,3714,1583
1768,1.768,3715,1579
1769,1.769,3717,1576
1770,1.77,3719,1573
1771,1.771,3720,1569
1772,1.772,3722,1566
1773,1.773,3723,1563
1774,1.774,3725,1560
1775,1.775,3726,1556
1776,1.776,3728,1553
1777,1.777,3730,1550
1778,1.778,3731,1546
1779,1.779,3733,1543
1780,1.78,3734,1540
1781,1.781,3736,1537
1782,1.782,3737,1533
1783,1.783,3739,1530
1784,1.784,3740,1527
1785,1.785,3742,1524
1786,1.786,3743,1520
1787,1.787,3745,1517
1788,1.788,3746,1514
1789,1.789,3748,1510
1790,1.79,3749,1507
1791,1.791,3751,1504
1792,1.792,3752,1501
1793,1.793,3754,1497
1794,1.794,3755,1494
1795,1.795,3757,1491
1796,1.796,3758,1488
1797,1.797,3760,1484
1798,1.798,3761,1481
1799,1.799,3763,1478
1800,1.8,3764,1474
1801,1.801,3766,1471
1802,1.802,3767,1468
1803,1.803,3769,1465
1804,1.804,3770,1461
1805,1.805,3772,1458
1806,1.806,3773,1455
1807,1.807,3775,1451
1808,1.808,3776,1448
1809,1.809,3777,1445
1810,1.81,3779,1442
1811,1.811,3780,1438
1812,1.812,3782,1435
1813,1.813,3783,1432
1814,1.814,3785,1429
1815,1.815,3786,1425
1816,1.816,3787,1422
1817,1.817,3789,1419
1818,1.818,3790,1415
1819,1.819,3792,1412
1820,1.82,3793,1409
1821,1.821,3795,1406
1822,1.822,3796,1402
1823,1.823,3797,1399
1824,1.824,3799,1396
1825,1.825,3800,1392
1826,1.826,3802,1389
1827,1.827,3803,1386
1828,1.828,3804,1383
1829,1.829,3806,1379
1830,1.83,3807,1376
1831,1.831,3808,1373
1832,1.832,3810,1370
1833,1.833,3811,1366
1834,1.834,3813,1363
1835,1.835,3814,1360
1836,1.836,3815,1356
1837,1.837,3817,1353
1838,1.838,3818,1350
1839,1.839,3819,1347
1840,1.84,3821,1343
1841,1.841,3822,1340
1842,1.842,3823,1337
1843,1.843,3825,1333
1844,1.844,3826,1330
1845,1.845,3827,1327
1846,1.846,3829,1324
1847,1.847,3830,1320
1848,1.848,3831,1317
1849,1.849,3833,1314
1850,1.85,3834,1311
1851,1.851,3835,1307
1852,1.852,3837,1304
1853,1.853,3838,1301
1854,1.854,3839,1297
1855,1.855,3840,1294
1856,1.856,3842,1291
1857,1.857,3843,1288
1858,1.858,3844,1284
1859,1.859,3846,1281
1860,1.86,3847,1278
1861,1.861,3848,1275
1862,1.862,3849,1271
1863,1.863,3851,1268
1864,1.864,3852,1265
1865,1.865,3853,1261
1866,1.866,3854,1258
1867,1.867,3856,1255
1868,1.868,3857,1252
1869,1.869,3858,1248
1870,1.87,3859,1245
1871,1.871,3861,1242
1872,1.872,3862,1238
1873,1.873,3863,1235
1874,1.874,3864,1232
1875,1.875,3866,1229
1876,1.876,3867,1225
1877,1.877,3868,1222
1878,1.878,3869,1219
1879,1.879,3871,1216
1880,1.88,3872,1212
1881,1.881,3873,1209
1882,1.882,3874,1206
1883,1.883,3875,1202
1884,1.884,3877,1199
1885,1.885,3878,1196
1886,1.886,3879,1193
1887,1.887,3880,1189
1888,1.888,3881,1186
1889,1.889,3883,1183
1890,1.89,3884,1179
1891,1.891,3885,1176
1892,1.892,3886,1173
1893,1.893,3887,1170
1894,1.894,3888,1166
1895,1.895,3890,1163
1896,1.896,3891,1160
1897,1.897,3892,1157
1898,1.898,3893,1153
1899,1.899,3894,1150
1900,1.9,3895,1147
1901,1.901,3897,1143
1902,1.902,3898,1140
1903,1.903,3899,1137
1904,1.904,3900,1134
1905,1.905,3901,1130
1906,1.906,3902,1127
1907,1.907,3903,1124
1908,1.908,3904,1120
1909,1.909,3906,1117
1910,1.91,3907,1114
1911,1.911,3908,1111
1912,1.912,3909,1107
1913,1.913,3910,1104
1914,1.914,3911,1101
1915,1.915,3912,1098
1916,1.916,3913,1094
1917,1.917,3914,1091
1918,1.918,3915,1088
1919,1.919,3917,1084
1920,1.92,3918,1081
1921,1.921,3919,1078
1922,1.922,3920,1075
1923,1.923,3921,1071
1924,1.924,3922,1068
1925,1.925,3923,1065
1926,1.926,3924,1061
1927,1.927,3925,1058
1928,1.928,3926,1055
1929,1.929,3927,1052
1930,1.93,3928,1048
1931,1.931,3929,1045
1932,1.932,3930,1042
1933,1.933,3931,1039
1934,1.934,3932,1035
1935,1.935,3933,1032
1936,1.936,3935,1029
1937,1.937,3936,1025
1938,1.938,3937,1022
1939,1.939,3938,1019
1940,1.94,3939,1016
1941,1.941,3940,1012
1942,1.942,3941,1009
1943,1.943,3942,1006
1944,1.944,3943,1003
1945,1.945,3944,999
1946,1.946,3945,996
1947,1.947,3946,993
1948,1.948,3947,989
1949,1.949,3948,986
1950,1.95,3949,983
1951,1.951,3950,980
1952,1.952,3951,976
1953,1.953,3952,973
1954,1.954,3953,970
1955,1.955,3953,966
1956,1.956,3954,963
1957,1.957,3955,960
1958,1.958,3956,957
1959,1.959,3957,953
1960,1.96,3958,950
1961,1.961,3959,947
1962,1.962,3960,944
1963,1.963,3961,940
1964,1.964,3962,937
1965,1.965,3963,934
1966,1.966,3964,930
1967,1.967,3965,927
1968,1.968,3966,924
1969,1.969,3967,921
1970,1.97,3968,917
1971,1.971,3969,914
1972,1.972,3969,911
1973,1.973,3970,907
1974,1.974,3971,904
1975,1.975,3972,901
1976,1.976,3973,898
1977,1.977,3974,894
1978,1.978,3975,891
1979,1.979,3976,888
1980,1.98,3977,885
1981,1.981,3978,881
1982,1.982,3978,878
1983,1.983,3979,875
1984,1.984,3980,871
1985,1.985,3981,868
1986,1.986,3982,865
1987,1.987,3983,862
1988,1.988,3984,858
1989,1.989,3984,855
1990,1.99,3985,852
1991,1.991,3986,848
1992,1.992,3987,845
1993,1.993,3988,842
1994,1.994,3989,839
1995,1.995,3990,835
1996,1.996,3990,832
1997,1.997,3991,829
1998,1.998,3992,826
1999,1.999,3993,822
2000,2,3994,819
2001,2.001,3994,816
2002,2.002,3995,812
2003,2.003,3996,809
2004,2.004,3997,806
2005,2.005,3998,803
2006,2.006,3999,799
2007,2.007,3999,796
2008,2.008,4000,793
2009,2.009,4001,790
2010,2.01,4002,786
2011,2.011,4002,783
2012,2.012,4003,780
2013,2.013,4004,776
2014,2.014,4005,773
2015,2.015,4006,770
2016,2.016,4006,767
2017,2.017,4007,763
2018,2.018,4008,760
2019,2.019,4009,757
2020,2.02,4009,753
2021,2.021,4010,750
2022,2.022,4011,747
2023,2.023,4012,744
2024,2.024,4012,740
2025,2.025,4013,737
2026,2.026,4014,734
2027,2.027,4015,731
2028,2.028,4015,727
2029,2.029,4016,724
2030,2.03,4017,721
2031,2.031,4017,717
2032,2.032,4018,714
2033,2.033,4019,711
2034,2.034,4020,708
2035,2.035,4020,704
2036,2.036,4021,701
2037,2.037,4022,698
2038,2.038,4022,694
2039,2.039,4023,691
2040,2.04,4024,688
2041,2.041,4024,685
2042,2.042,4025,681
2043,2.043,4026,678
2044,2.044,4027,675
2045,2.045,4027,672
2046,2.046,4028,668
2047,2.047,4029,665
2048,2.048,4029,662
2049,2.049,4030,658
2050,2.05,4031,655
2051,2.051,4031,652
2052,2.052,4032,649
2053,2.053,4032,645
2054,2.054,4033,642
2055,2.055,4034,639
2056,2.056,4034,635
2057,2.057,4035,632
2058,2.058,4036,629
2059,2.059,4036,626
2060,2.06,4037,622
2061,2.061,4038,619
2062,2.062,4038,616
2063,2.063,4039,613
2064,2.064,4039,609
2065,2.065,4040,606
2066,2.066,4041,603
2067,2.067,4041,599
2068,2.068,4042,596
2069,2.069,4042,593
2070,2.07,4043,590
2071,2.071,4044,586
2072,2.072,4044,583
2073,2.073,4045,580
2074,2.074,4045,577
2075,2.075,4046,573
2076,2.076,4046,570
2077,2.077,4047,567
2078,2.078,4048,563
2079,2.079,4048,560
2080,2.08,4049,557
2081,2.081,4049,554
2082,2.082,4050,550
2083,2.083,4050,547
2084,2.084,4051,544
2085,2.085,4051,540
2086,2.086,4052,537
2087,2.087,4053,534
2088,2.088,4053,531
2089,2.089,4054,527
2090,2.09,4054,524
2091,2.091,4055,521
2092,2.092,4055,518
2093,2.093,4056,514
2094,2.094,4056,511
2095,2.095,4057,508
2096,2.096,4057,504
2097,2.097,4058,501
2098,2.098,4058,498
2099,2.099,4059,495
2100,2.1,4059,491
2101,2.101,4060,488
2102,2.102,4060,485
2103,2.103,4061,481
2104,2.104,4061,478
2105,2.105,4062,475
2106,2.106,4062,472
2107,2.107,4063,468
2108,2.108,4063,465
2109,2.109,4063,462
2110,2.11,4064,459
2111,2.111,4064,455
2112,2.112,4065,452
2113,2.113,4065,449
2114,2.114,4066,445
2115,2.115,4066,442
2116,2.116,4067,439
2117,2.117,4067,436
2118,2.118,4067,432
2119,2.119,4068,429
2120,2.12,4068,426
2121,2.121,4069,422
2122,2.122,4069,419
2123,2.123,4070,416
2124,2.124,4070,413
2125,2.125,4070,409
2126,2.126,4071,406
2127,2.127,4071,403
2128,2.128,4072,400
2129,2.129,4072,396
2130,2.13,4072,393
2131,2.131,4073,390
2132,2.132,4073,386
2133,2.133,4074,383
2134,2.134,4074,380
2135,2.135,4074,377
2136,2.136,4075,373
2137,2.137,4075,370
2138,2.138,4075,367
2139,2.139,4076,363
2140,2.14,4076,360
2141,2.141,4077,357
2142,2.142,4077,354
2143,2.143,4077,350
2144,2.144,4078,347
2145,2.145,4078,344
2146,2.146,4078,341
2147,2.147,4079,337
2148,2.148,4079,334
2149,2.149,4079,331
2150,2.15,4080,327
2151,2.151,4080,324
2152,2.152,4080,321
2153,2.153,4081,318
2154,2.154,4081,314
2155,2.155,4081,311
2156,2.156,4082,308
2157,2.157,4082,305
2158,2.158,4082,301
2159,2.159,4082,298
2160,2.16,4083,295
2161,2.161,4083,291
2162,2.162,4083,288
2163,2.163,4084,285
2164,2.164,4084,282
2165,2.165,4084,278
2166,2.166,4084,275
2167,2.167,4085,272
2168,2.168,4085,268
2169,2.169,4085,265
2170,2.17,4086,262
2171,2.171,4086,259
2172,2.172,4086,255
2173,2.173,4086,252
2174,2.174,4087,249
2175,2.175,4087,246
2176,2.176,4087,242
2177,2.177,4087,239
2178,2.178,4088,236
2179,2.179,4088,232
2180,2.18,4088,229
2181,2.181,4088,226
2182,2.182,4088,223
2183,2.183,4089,219
2184,2.184,4089,216
2185,2.185,4089,213
2186,2.186,4089,209
2187,2.187,4090,206
2188,2.188,4090,203
2189,2.189,4090,200
2190,2.19,4090,196
2191,2.191,4090,193
2192,2.192,4091,190
2193,2.193,4091,187
2194,2.194,4091,183
2195,2.195,4091,180
2196,2.196,4091,177
2197,2.197,4091,173
2198,2.198,4092,170
2199,2.199,4092,167
2200,2.2,4092,164
2201,2.201,4092,160
2202,2.202,4092,157
2203,2.203,4092,154
2204,2.204,4093,150
2205,2.205,4093,147
2206,2.206,4093,144
2207,2.207,4093,141
2208,2.208,4093,137
2209,2.209,4093,134
2210,2.21,4093,131
2211,2.211,4094,128
2212,2.212,4094,124
2213,2.213,4094,121
2214,2.214,4094,118
2215,2.215,4094,114
2216,2.216,4094,111
2217,2.217,4094,108
2218,2.218,4094,105
2219,2.219,4094,101
2220,2.22,4095,98
2221,2.221,4095,95
2222,2.222,4095,92
2223,2.223,4095,88
2224,2.224,4095,85
2225,2.225,4095,82
2226,2.226,4095,78
2227,2.227,4095,75
2228,2.228,4095,72
2229,2.229,4095,69
2230,2.23,4095,65
2231,2.231,4095,62
2232,2.232,4095,59
2233,2.233,4096,55
2234,2.234,4096,52
2235,2.235,4096,49
2236,2.236,4096,46
2237,2.237,4096,42
2238,2.238,4096,39
2239,2.239,4096,36
2240,2.24,4096,33
2241,2.241,4096,29
2242,2.242,4096,26
2243,2.243,4096,23
2244,2.244,4096,19
2245,2.245,4096,16
2246,2.246,4096,13
2247,2.247,4096,10
2248,2.248,4096,6
2249,2.249,4096,3
2250,2.25,4096,0
2251,2.251,4096,0
