t,pos_cmd,pos_fbk,vel_fbk,samples_consumed
0,0,0,0,1
18,1,1,59,19
31,1,2,102,32
40,3,3,131,41
47,3,4,154,48
53,5,5,174,54
58,5,6,190,59
63,6,7,206,64
68,8,8,223,69
73,8,9,239,74
77,9,10,252,78
88,13,13,288,89
91,14,14,298,92
95,15,15,311,96
98,16,16,321,99
101,17,17,331,102
104,18,18,341,105
107,18,19,351,108
110,19,20,360,111
112,21,21,367,113
115,21,22,377,116
118,23,23,387,119
120,23,24,393,121
123,24,25,403,124
125,26,26,410,126
128,26,27,419,129
130,28,28,426,131
132,29,29,433,133
135,30,30,442,136
137,30,31,449,138
139,32,32,456,140
141,33,33,462,142
143,34,34,469,144
146,35,35,478,147
148,36,36,485,149
150,37,37,492,151
152,37,38,498,153
154,38,39,505,155
156,40,40,511,157
158,41,41,518,159
160,42,42,524,161
162,43,43,531,163
163,44,44,534,164
165,45,45,541,166
167,46,46,547,168
169,46,47,554,170
171,47,48,560,172
173,49,49,567,174
174,50,50,570,175
176,51,51,577,177
178,52,52,583,179
180,53,53,590,181
181,53,54,593,182
183,54,55,600,184
185,56,56,606,186
186,56,57,610,187
188,58,58,616,189
189,59,59,619,190
191,59,60,626,192
193,61,61,632,194
194,62,62,636,195
196,62,63,642,197
197,64,64,646,198
199,65,65,652,200
200,66,66,655,201
202,67,67,662,203
203,67,68,665,204
205,69,69,672,206
206,69,70,675,207
208,71,71,682,209
209,71,72,685,210
211,73,73,691,212
212,74,74,695,213
214,74,75,701,215
215,76,76,705,216
217,76,77,711,218
218,78,78,714,219
219,78,79,718,220
221,80,80,724,222
222,81,81,727,223
224,82,82,734,225
225,82,83,737,226
226,84,84,741,227
228,84,85,747,229
229,86,86,750,230
230,86,87,754,231
232,88,88,760,233
233,88,89,764,234
234,90,90,767,235
236,91,91,773,237
237,91,92,777,238
238,93,93,780,239
239,94,94,783,240
241,95,95,790,242
242,95,96,793,243
243,97,97,796,244
244,98,98,800,245
246,99,99,806,247
247,99,100,809,248
248,101,101,813,249
249,102,102,816,250
251,103,103,823,252
252,103,104,826,253
253,105,105,829,254
254,106,106,832,255
255,107,107,836,256
257,108,108,842,258
258,108,109,845,259
259,110,110,849,260
260,111,111,852,261
261,112,112,855,262
263,112,113,862,264
264,114,114,865,265
265,115,115,868,266
266,116,116,872,267
267,117,117,875,268
268,118,118,878,269
269,118,119,882,270
271,120,120,888,272
272,121,121,891,273
273,122,122,895,274
274,123,123,898,275
275,124,124,901,276
276,125,125,904,277
277,125,126,908,278
278,127,127,911,279
279,128,128,914,280
281,129,129,921,282
282,130,130,924,283
283,131,131,927,284
284,132,132,931,285
285,132,133,934,286
286,134,134,937,287
287,134,135,940,288
288,136,136,944,289
289,137,137,947,290
290,138,138,950,291
291,139,139,954,292
292,139,140,957,293
293,141,141,960,294
294,141,142,963,295
295,143,143,967,296
296,143,144,970,297
297,145,145,973,298
298,146,146,977,299
300,147,147,983,301
301,147,148,986,302
302,149,149,990,303
303,150,150,993,304
304,151,151,996,305
305,152,152,999,306
306,152,153,1003,307
307,154,154,1006,308
308,154,155,1009,309
309,156,156,1013,310
310,156,157,1016,311
311,158,158,1019,312
312,159,159,1022,313
313,159,161,1026,314
314,162,162,1029,315
315,163,163,1032,316
316,163,164,1036,317
317,165,165,1039,318
318,165,166,1042,319
319,167,167,1045,320
320,168,168,1049,321
321,168,169,1052,322
322,170,170,1055,323
323,170,171,1058,324
324,172,172,1062,325
325,172,173,1065,326
326,174,174,1068,327
327,175,175,1072,328
328,175,176,1075,329
329,177,177,1078,330
330,177,178,1081,331
331,180,180,1085,332
332,180,181,1088,333
333,182,182,1091,334
334,183,183,1095,335
335,183,184,1098,336
336,185,185,1101,337
337,185,186,1104,338
338,187,187,1108,339
339,188,188,1111,340
340,189,189,1114,341
341,191,191,1117,342
342,191,192,1121,343
343,193,193,1124,344
344,193,194,1127,345
345,195,195,1131,346
346,196,196,1134,347
347,197,197,1137,348
348,198,198,1140,349
349,198,200,1144,350
350,201,201,1147,351
351,201,202,1150,352
352,203,203,1154,353
353,203,204,1157,354
354,204,205,1160,355
355,206,206,1163,356
356,206,208,1167,357
357,209,209,1170,358
358,210,210,1173,359
359,210,211,1176,360
360,212,212,1180,361
361,214,214,1183,362
362,215,215,1186,363
363,216,216,1190,364
364,217,217,1193,365
365,218,218,1196,366
366,219,219,1199,367
367,219,221,1203,368
368,222,222,1206,369
369,223,223,1209,370
370,223,224,1212,371
371,226,226,1216,372
372,226,227,1219,373
373,228,228,1222,374
374,229,229,1226,375
375,229,230,1229,376
376,232,232,1232,377
377,233,233,1235,378
378,234,234,1239,379
379,235,235,1242,380
380,235,237,1245,381
381,238,238,1249,382
382,238,239,1252,383
383,240,240,1255,384
384,242,242,1258,385
385,243,243,1262,386
386,244,244,1265,387
387,244,245,1268,388
388,247,247,1271,389
389,248,248,1275,390
390,249,249,1278,391
391,250,250,1281,392
392,250,252,1285,393
393,253,253,1288,394
394,254,254,1291,395
395,256,256,1294,396
396,257,257,1298,397
397,258,258,1301,398
398,260,260,1304,399
399,260,261,1308,400
400,262,262,1311,401
401,262,263,1314,402
402,263,265,1317,403
403,266,266,1321,404
404,266,267,1324,405
405,269,269,1327,406
406,270,270,1330,407
407,271,271,1334,408
408,271,273,1337,409
409,274,274,1340,410
410,274,275,1344,411
411,277,277,1347,412
412,278,278,1350,413
413,278,279,1353,414
414,281,281,1357,415
415,281,282,1360,416
416,284,284,1363,417
417,285,285,1367,418
418,286,286,1370,419
419,288,288,1373,420
420,288,289,1376,421
421,290,290,1380,422
422,292,292,1383,423
423,292,293,1386,424
424,295,295,1389,425
425,295,296,1393,426
426,297,297,1396,427
427,299,299,1399,428
428,299,300,1403,429
429,302,302,1406,430
430,302,303,1409,431
431,304,304,1412,432
432,304,306,1416,433
433,307,307,1419,434
434,309,309,1422,435
435,309,310,1425,436
436,311,311,1429,437
437,311,313,1432,438
438,314,314,1435,439
439,316,316,1439,440
440,316,317,1442,441
441,319,319,1445,442
442,319,320,1448,443
443,322,322,1452,444
444,322,323,1455,445
445,324,324,1458,446
446,324,326,1462,447
447,327,327,1465,448
448,329,329,1468,449
449,329,330,1471,450
450,332,332,1475,451
451,333,333,1478,452
452,335,335,1481,453
453,336,336,1484,454
454,336,338,1488,455
455,339,339,1491,456
456,341,341,1494,457
457,342,342,1498,458
458,344,344,1501,459
459,345,345,1504,460
460,345,347,1507,461
461,348,348,1511,462
462,350,350,1514,463
463,350,351,1517,464
464,353,353,1521,465
465,354,354,1524,466
466,354,356,1527,467
467,357,357,1530,468
468,357,359,1534,469
469,360,360,1537,470
470,362,362,1540,471
471,362,363,1543,472
472,365,365,1547,473
473,365,367,1550,474
474,368,368,1553,475
475,370,370,1557,476
476,371,371,1560,477
477,371,373,1563,478
478,374,374,1566,479
479,374,376,1570,480
480,378,378,1573,481
481,379,379,1576,482
482,379,381,1580,483
483,382,382,1583,484
484,384,384,1586,485
485,385,385,1589,486
486,387,387,1593,487
487,389,389,1596,488
488,390,390,1599,489
489,392,392,1602,490
490,392,393,1606,491
491,395,395,1609,492
492,397,397,1612,493
493,397,398,1616,494
494,398,400,1619,495
495,401,401,1622,496
496,401,403,1625,497
497,405,405,1629,498
498,406,406,1632,499
499,406,408,1635,500
500,410,410,1639,501
501,410,411,1642,502
502,413,413,1645,503
503,415,415,1648,504
504,415,416,1652,505
505,418,418,1655,506
506,420,420,1658,507
507,420,421,1661,508
508,423,423,1665,509
509,423,425,1668,510
510,426,426,1671,511
511,428,428,1675,512
512,428,430,1678,513
513,431,431,1681,514
514,431,433,1684,515
515,435,435,1688,516
516,436,436,1691,517
517,436,438,1694,518
518,440,440,1697,519
519,440,441,1701,520
520,443,443,1704,521
521,445,445,1707,522
522,445,446,1711,523
523,448,448,1714,524
524,448,450,1717,525
525,452,452,1720,526
526,453,453,1724,527
527,453,455,1727,528
528,457,457,1730,529
529,457,459,1734,530
530,460,460,1737,531
531,462,462,1740,532
532,462,464,1743,533
533,465,465,1747,534
534,465,467,1750,535
535,469,469,1753,536
536,471,471,1756,537
537,472,472,1760,538
538,474,474,1763,539
539,476,476,1766,540
540,476,478,1770,541
541,480,480,1773,542
542,481,481,1776,543
543,483,483,1779,544
544,485,485,1783,545
545,487,487,1786,546
546,487,488,1789,547
547,490,490,1793,548
548,490,492,1796,549
549,494,494,1799,550
550,496,496,1802,551
551,497,497,1806,552
552,497,499,1809,553
553,501,501,1812,554
554,501,503,1815,555
555,505,505,1819,556
556,507,507,1822,557
557,508,508,1825,558
558,510,510,1829,559
559,510,512,1832,560
560,514,514,1835,561
561,516,516,1838,562
562,516,518,1842,563
563,518,519,1845,564
564,521,521,1848,565
565,521,523,1852,566
566,525,525,1855,567
567,527,527,1858,568
568,527,529,1861,569
569,530,530,1865,570
570,532,532,1868,571
571,532,534,1871,572
572,536,536,1874,573
573,538,538,1878,574
574,538,540,1881,575
575,542,542,1884,576
576,544,544,1888,577
577,546,546,1891,578
578,547,547,1894,579
579,547,549,1897,580
580,551,551,1901,581
581,553,553,1904,582
582,555,555,1907,583
583,557,557,1910,584
584,557,559,1914,585
585,561,561,1917,586
586,563,563,1920,587
587,565,565,1924,588
588,565,567,1927,589
589,568,568,1930,590
590,570,570,1933,591
591,570,572,1937,592
592,574,574,1940,593
593,574,576,1943,594
594,578,578,1947,595
595,580,580,1950,596
596,580,582,1953,597
597,584,584,1956,598
598,586,586,1960,599
599,586,588,1963,600
600,590,590,1966,601
601,592,592,1969,602
602,594,594,1973,603
603,594,596,1976,604
604,596,598,1979,605
605,600,600,1983,606
606,602,602,1986,607
607,602,604,1989,608
608,604,606,1992,609
609,606,608,1996,610
610,610,610,1999,611
611,612,612,2002,612
612,614,614,2006,613
613,616,616,2009,614
614,618,618,2012,615
615,618,620,2015,616
616,622,622,2019,617
617,624,624,2022,618
618,626,626,2025,619
619,628,628,2028,620
620,628,630,2032,621
621,632,632,2035,622
622,634,634,2038,623
623,634,636,2042,624
624,638,638,2045,625
625,640,640,2048,626
626,640,642,2051,627
627,644,644,2055,628
628,644,646,2058,629
629,648,648,2061,630
630,650,650,2065,631
631,650,652,2068,632
632,654,654,2071,633
633,654,657,2074,634
634,659,659,2078,635
635,661,661,2081,636
636,661,663,2084,637
637,665,665,2087,638
638,667,667,2091,639
639,669,669,2094,640
640,671,671,2097,641
641,671,673,2101,642
642,675,675,2104,643
643,677,677,2107,644
644,680,680,2110,645
645,682,682,2114,646
646,682,684,2117,647
647,686,686,2120,648
648,686,688,2123,649
649,690,690,2127,650
650,692,692,2130,651
651,694,694,2133,652
652,697,697,2137,653
653,697,699,2140,654
654,701,701,2143,655
655,701,703,2146,656
656,705,705,2150,657
657,707,707,2153,658
658,707,709,2156,659
659,712,712,2160,660
660,714,714,2163,661
661,716,716,2166,662
662,718,718,2169,663
663,720,720,2173,664
664,722,722,2176,665
665,722,725,2179,666
666,727,727,2182,667
667,729,729,2186,668
668,731,731,2189,669
669,733,733,2192,670
670,733,736,2196,671
671,738,738,2199,672
672,740,740,2202,673
673,742,742,2205,674
674,744,744,2209,675
675,747,747,2212,676
676,749,749,2215,677
677,751,751,2219,678
678,751,753,2222,679
679,753,755,2225,680
680,755,758,2228,681
681,758,760,2232,682
682,760,762,2235,683
683,764,764,2238,684
684,767,767,2241,685
685,769,769,2245,686
686,771,771,2248,687
687,773,773,2251,688
688,776,776,2255,689
689,778,778,2258,690
690,780,780,2261,691
691,782,782,2264,692
692,785,785,2268,693
693,787,787,2271,694
694,789,789,2274,695
695,791,791,2278,696
696,791,794,2281,697
697,794,796,2284,698
698,796,798,2287,699
699,798,801,2291,700
700,801,803,2294,701
701,803,805,2297,702
702,805,807,2300,703
703,810,810,2304,704
704,812,812,2307,705
705,814,814,2310,706
706,817,817,2314,707
707,819,819,2317,708
708,821,821,2320,709
709,824,824,2323,710
710,826,826,2327,711
711,828,828,2330,712
712,831,831,2333,713
713,833,833,2337,714
714,835,835,2340,715
715,838,838,2343,716
716,840,840,2346,717
717,842,842,2350,718
718,845,845,2353,719
719,847,847,2356,720
720,849,849,2359,721
721,852,852,2363,722
722,854,854,2366,723
723,856,856,2369,724
724,859,859,2373,725
725,861,861,2376,726
726,864,864,2379,727
727,866,866,2382,728
728,868,868,2386,729
729,871,871,2389,730
730,873,873,2392,731
731,876,876,2395,732
732,878,878,2399,733
733,880,880,2402,734
734,883,883,2405,735
735,885,885,2409,736
736,888,888,2412,737
737,890,890,2415,738
738,892,892,2418,739
739,895,895,2422,740
740,897,897,2425,741
741,900,900,2428,742
742,902,902,2432,743
743,905,905,2435,744
744,907,907,2438,745
745,907,909,2441,746
746,909,912,2445,747
747,912,914,2448,748
748,914,917,2451,749
749,917,919,2454,750
750,919,922,2458,751
751,922,924,2461,752
752,924,927,2464,753
753,927,929,2468,754
754,929,932,2471,755
755,932,934,2474,756
756,934,936,2477,757
757,939,939,2481,758
758,941,941,2484,759
759,941,944,2487,760
760,944,946,2491,761
761,946,949,2494,762
762,949,951,2497,763
763,951,954,2500,764
764,956,956,2504,765
765,959,959,2507,766
766,961,961,2510,767
767,964,964,2513,768
768,966,966,2517,769
769,969,969,2520,770
770,971,971,2523,771
771,974,974,2527,772
772,977,977,2530,773
773,979,979,2533,774
774,982,982,2536,775
775,984,984,2540,776
776,987,987,2543,777
777,989,989,2546,778
778,992,992,2550,779
779,994,994,2553,780
780,997,997,2556,781
781,997,999,2559,782
782,999,1002,2563,783
783,1002,1005,2566,784
784,1005,1007,2569,785
785,1007,1010,2572,786
786,1010,1012,2576,787
787,1012,1015,2579,788
788,1015,1017,2582,789
789,1017,1020,2586,790
790,1020,1023,2589,791
791,1023,1025,2592,792
792,1025,1028,2595,793
793,1028,1030,2599,794
794,1030,1033,2602,795
795,1033,1036,2605,796
796,1036,1038,2608,797
797,1041,1041,2612,798
798,1043,1043,2615,799
799,1043,1046,2618,800
800,1049,1049,2622,801
801,1051,1051,2625,802
802,1054,1054,2628,803
803,1054,1057,2631,804
804,1059,1059,2635,805
805,1062,1062,2638,806
806,1064,1064,2641,807
807,1067,1067,2645,808
808,1070,1070,2648,809
809,1072,1072,2651,810
810,1072,1075,2654,811
811,1078,1078,2658,812
812,1080,1080,2661,813
813,1083,1083,2664,814
814,1086,1086,2667,815
815,1088,1088,2671,816
816,1088,1091,2674,817
817,1091,1094,2677,818
818,1096,1096,2681,819
819,1099,1099,2684,820
820,1099,1102,2687,821
821,1104,1104,2690,822
822,1107,1107,2694,823
823,1110,1110,2697,824
824,1113,1113,2700,825
825,1115,1115,2704,826
826,1118,1118,2707,827
827,1121,1121,2710,828
828,1123,1123,2713,829
829,1126,1126,2717,830
830,1129,1129,2720,831
831,1131,1131,2723,832
832,1134,1134,2726,833
833,1137,1137,2730,834
834,1137,1140,2733,835
835,1140,1142,2736,836
836,1142,1145,2740,837
837,1145,1148,2743,838
838,1148,1151,2746,839
839,1151,1153,2749,840
840,1153,1156,2753,841
841,1159,1159,2756,842
842,1162,1162,2759,843
843,1162,1164,2763,844
844,1164,1167,2766,845
845,1167,1170,2769,846
846,1170,1173,2772,847
847,1173,1175,2776,848
848,1175,1178,2779,849
849,1178,1181,2782,850
850,1184,1184,2785,851
851,1187,1187,2789,852
852,1189,1189,2792,853
853,1192,1192,2795,854
854,1195,1195,2799,855
855,1198,1198,2802,856
856,1201,1201,2805,857
857,1203,1203,2808,858
858,1206,1206,2812,859
859,1209,1209,2815,860
860,1212,1212,2818,861
861,1215,1215,2821,862
862,1217,1217,2825,863
863,1220,1220,2828,864
864,1223,1223,2831,865
865,1226,1226,2835,866
866,1229,1229,2838,867
867,1232,1232,2841,868
868,1234,1234,2844,869
869,1237,1237,2848,870
870,1240,1240,2851,871
871,1243,1243,2854,872
872,1243,1246,2858,873
873,1246,1249,2861,874
874,1249,1252,2864,875
875,1252,1254,2867,876
876,1257,1257,2871,877
877,1260,1260,2874,878
878,1263,1263,2877,879
879,1266,1266,2880,880
880,1269,1269,2884,881
881,1272,1272,2887,882
882,1275,1275,2890,883
883,1278,1278,2894,884
884,1280,1280,2897,885
885,1283,1283,2900,886
886,1286,1286,2903,887
887,1289,1289,2907,888
888,1292,1292,2910,889
889,1292,1295,2913,890
890,1295,1298,2917,891
891,1298,1301,2920,892
892,1301,1304,2923,893
893,1307,1307,2926,894
894,1310,1310,2930,895
895,1312,1312,2933,896
896,1315,1315,2936,897
897,1318,1318,2939,898
898,1321,1321,2943,899
899,1324,1324,2946,900
900,1327,1327,2949,901
901,1330,1330,2953,902
902,1333,1333,2956,903
903,1336,1336,2959,904
904,1339,1339,2962,905
905,1342,1342,2966,906
906,1345,1345,2969,907
907,1348,1348,2972,908
908,1351,1351,2976,909
909,1354,1354,2979,910
910,1357,1357,2982,911
911,1360,1360,2985,912
912,1363,1363,2989,913
913,1363,1366,2992,914
914,1366,1369,2995,915
915,1369,1372,2998,916
916,1372,1375,3002,917
917,1375,1378,3005,918
918,1378,1381,3008,919
919,1381,1384,3012,920
920,1384,1387,3015,921
921,1387,1390,3018,922
922,1390,1393,3021,923
923,1393,1396,3025,924
924,1396,1399,3028,925
925,1399,1402,3031,926
926,1402,1405,3035,927
927,1405,1408,3038,928
928,1411,1411,3041,929
929,1414,1414,3044,930
930,1417,1417,3048,931
931,1420,1420,3051,932
932,1423,1423,3054,933
933,1426,1426,3057,934
934,1429,1429,3061,935
935,1432,1432,3064,936
936,1435,1435,3067,937
937,1439,1439,3071,938
938,1442,1442,3074,939
939,1445,1445,3077,940
940,1448,1448,3080,941
941,1451,1451,3084,942
942,1454,1454,3087,943
943,1457,1457,3090,944
944,1460,1460,3093,945
945,1463,1463,3097,946
946,1466,1466,3100,947
947,1466,1469,3103,948
948,1469,1473,3107,949
949,1473,1476,3110,950
950,1479,1479,3113,951
951,1482,1482,3116,952
952,1485,1485,3120,953
953,1488,1488,3123,954
954,1491,1491,3126,955
955,1494,1494,3130,956
956,1494,1497,3133,957
957,1497,1501,3136,958
958,1501,1504,3139,959
959,1504,1507,3143,960
960,1510,1510,3146,961
961,1513,1513,3149,962
962,1516,1516,3152,963
963,1519,1519,3156,964
964,1523,1523,3159,965
965,1526,1526,3162,966
966,1529,1529,3166,967
967,1532,1532,3169,968
968,1535,1535,3172,969
969,1538,1538,3175,970
970,1542,1542,3179,971
971,1545,1545,3182,972
972,1548,1548,3185,973
973,1551,1551,3189,974
974,1554,1554,3192,975
975,1558,1558,3195,976
976,1561,1561,3198,977
977,1564,1564,3202,978
978,1567,1567,3205,979
979,1570,1570,3208,980
980,1574,1574,3211,981
981,1577,1577,3215,982
982,1577,1580,3218,983
983,1580,1583,3221,984
984,1583,1586,3225,985
985,1586,1590,3228,986
986,1590,1593,3231,987
987,1596,1596,3234,988
988,1599,1599,3238,989
989,1603,1603,3241,990
990,1603,1606,3244,991
991,1609,1609,3248,992
992,1612,1612,3251,993
993,1616,1616,3254,994
994,1619,1619,3257,995
995,1622,1622,3261,996
996,1625,1625,3264,997
997,1629,1629,3267,998
998,1629,1632,3270,999
999,1632,1635,3274,1000
1000,1635,1639,3277,1001
1001,1639,1642,3277,1002
1002,1642,1645,3277,1003
1003,1645,1648,3277,1004
1004,1648,1652,3277,1005
1005,1652,1655,3277,1006
1006,1655,1658,3277,1007
1007,1661,1661,3277,1008
1008,1665,1665,3277,1009
1009,1668,1668,3277,1010
1010,1671,1671,3277,1011
1011,1675,1675,3277,1012
1012,1678,1678,3277,1013
1013,1681,1681,3277,1014
1014,1684,1684,3277,1015
1015,1688,1688,3277,1016
1016,1691,1691,3277,1017
1017,1691,1694,3277,1018
1018,1694,1697,3277,1019
1019,1697,1701,3277,1020
1020,1701,1704,3277,1021
1021,1704,1707,3277,1022
1022,1707,1711,3277,1023
1023,1711,1714,3277,1024
1024,1714,1717,3277,1025
1025,1717,1720,3277,1026
1026,1724,1724,3277,1027
1027,1724,1727,3277,1028
1028,1730,1730,3277,1029
1029,1734,1734,3277,1030
1030,1737,1737,3277,1031
1031,1740,1740,3277,1032
1032,1743,1743,3277,1033
1033,1747,1747,3277,1034
1034,1750,1750,3277,1035
1035,1753,1753,3277,1036
1036,1756,1756,3277,1037
1037,1760,1760,3277,1038
1038,1763,1763,3277,1039
1039,1766,1766,3277,1040
1040,1770,1770,3277,1041
1041,1773,1773,3277,1042
1042,1776,1776,3277,1043
1043,1776,1779,3277,1044
1044,1779,1783,3277,1045
1045,1783,1786,3277,1046
1046,1789,1789,3277,1047
1047,2045,1793,3277,1048
1048,1796,1796,3277,1049
1049,1796,1799,3277,1050
1050,1799,1802,3277,1051
1051,1802,1806,3277,1052
1052,1806,1809,3277,1053
1053,1809,1812,3277,1054
1054,1812,1815,3277,1055
1055,1815,1819,3277,1056
1056,1819,1822,3277,1057
1057,1822,1825,3277,1058
1058,1825,1829,3277,1059
1059,1829,1832,3277,1060
1060,1832,1835,3277,1061
1061,1835,1838,3277,1062
1062,1838,1842,3277,1063
1063,1842,1845,3277,1064
1064,1845,1848,3277,1065
1065,1848,1852,3277,1066
1066,1855,1855,3277,1067
1067,1855,1858,3277,1068
1068,1858,1861,3277,1069
1069,1861,1865,3277,1070
1070,1865,1868,3277,1071
1071,1868,1871,3277,1072
1072,1874,1874,3277,1073
1073,1878,1878,3277,1074
1074,1881,1881,3277,1075
1075,1884,1884,3277,1076
1076,1888,1888,3277,1077
1077,1891,1891,3277,1078
1078,1894,1894,3277,1079
1079,1897,1897,3277,1080
1080,1897,1901,3277,1081
1081,1901,1904,3277,1082
1082,1904,1907,3277,1083
1083,1910,1910,3277,1084
1084,1910,1914,3277,1085
1085,1917,1917,3277,1086
1086,1920,1920,3277,1087
1087,1920,1924,3277,1088
1088,1927,1927,3277,1089
1089,1930,1930,3277,1090
1090,1930,1933,3277,1091
1091,1937,1937,3277,1092
1092,1940,1940,3277,1093
1093,1943,1943,3277,1094
1094,1947,1947,3277,1095
1095,1947,1950,3277,1096
1096,1953,1953,3277,1097
1097,1956,1956,3277,1098
1098,1956,1960,3277,1099
1099,1963,1963,3277,1100
1100,1963,1966,3277,1101
1101,1969,1969,3277,1102
1102,1973,1973,3277,1103
1103,1973,1976,3277,1104
1104,1979,1979,3277,1105
1105,1979,1983,3277,1106
1106,1986,1986,3277,1107
1107,1989,1989,3277,1108
1108,1989,1992,3277,1109
1109,1996,1996,3277,1110
1110,1999,1999,3277,1111
1111,1999,2002,3277,1112
1112,2006,2006,3277,1113
1113,2009,2009,3277,1114
1114,2009,2012,3277,1115
1115,2015,2015,3277,1116
1116,2019,2019,3277,1117
1117,2019,2022,3277,1118
1118,2025,2025,3277,1119
1119,2028,2028,3277,1120
1120,2032,2032,3277,1121
1121,2035,2035,3277,1122
1122,2038,2038,3277,1123
1123,2042,2042,3277,1124
1124,2042,2045,3277,1125
1125,2048,2048,3277,1126
1126,2048,2051,3277,1127
1127,2055,2055,3277,1128
1128,2058,2058,3277,1129
1129,2058,2061,3277,1130
1130,2065,2065,3277,1131
1131,2068,2068,3277,1132
1132,2071,2071,3277,1133
1133,2074,2074,3277,1134
1134,2078,2078,3277,1135
1135,2078,2081,3277,1136
1136,2084,2084,3277,1137
1137,2087,2087,3277,1138
1138,2087,2091,3277,1139
1139,2094,2094,3277,1140
1140,2094,2097,3277,1141
1141,2101,2101,3277,1142
1142,2104,2104,3277,1143
1143,2104,2107,3277,1144
1144,2110,2110,3277,1145
1145,2114,2114,3277,1146
1146,2117,2117,3277,1147
1147,2120,2120,3277,1148
1148,2120,2123,3277,1149
1149,2127,2127,3277,1150
1150,2130,2130,3277,1151
1151,2130,2133,3277,1152
1152,2137,2137,3277,1153
1153,2140,2140,3277,1154
1154,2143,2143,3277,1155
1155,2146,2146,3277,1156
1156,2150,2150,3277,1157
1157,2153,2153,3277,1158
1158,2153,2156,3277,1159
1159,2160,2160,3277,1160
1160,2163,2163,3277,1161
1161,2163,2166,3277,1162
1162,2169,2169,3277,1163
1163,2173,2173,3277,1164
1164,2173,2176,3277,1165
1165,2179,2179,3277,1166
1166,2182,2182,3277,1167
1167,2182,2186,3277,1168
1168,2189,2189,3277,1169
1169,2192,2192,3277,1170
1170,2192,2196,3277,1171
1171,2199,2199,3277,1172
1172,2202,2202,3277,1173
1173,2202,2205,3277,1174
1174,2209,2209,3277,1175
1175,2209,2212,3277,1176
1176,2215,2215,3277,1177
1177,2219,2219,3277,1178
1178,2219,2222,3277,1179
1179,2225,2225,3277,1180
1180,2228,2228,3277,1181
1181,2228,2232,3277,1182
1182,2235,2235,3277,1183
1183,2235,2238,3277,1184
1184,2241,2241,3277,1185
1185,2245,2245,3277,1186
1186,2245,2248,3277,1187
1187,2251,2251,3277,1188
1188,2251,2255,3277,1189
1189,2258,2258,3277,1190
1190,2261,2261,3277,1191
1191,2264,2264,3277,1192
1192,2268,2268,3277,1193
1193,2268,2271,3277,1194
1194,2274,2274,3277,1195
1195,2278,2278,3277,1196
1196,2278,2281,3277,1197
1197,2284,2284,3277,1198
1198,2284,2287,3277,1199
1199,2291,2291,3277,1200
1200,2294,2294,3277,1201
1201,2297,2297,3277,1202
1202,2300,2300,3277,1203
1203,2300,2304,3277,1204
1204,2307,2307,3277,1205
1205,2307,2310,3277,1206
1206,2314,2314,3277,1207
1207,2314,2317,3277,1208
1208,2317,2320,3277,1209
1209,2323,2323,3277,1210
1210,2323,2327,3277,1211
1211,2330,2330,3277,1212
1212,2333,2333,3277,1213
1213,2333,2337,3277,1214
1214,2340,2340,3277,1215
1215,2340,2343,3277,1216
1216,2346,2346,3277,1217
1217,2350,2350,3277,1218
1218,2353,2353,3277,1219
1219,2356,2356,3277,1220
1220,2356,2359,3277,1221
1221,2363,2363,3277,1222
1222,2366,2366,3277,1223
1223,2366,2369,3277,1224
1224,2373,2373,3277,1225
1225,2373,2376,3277,1226
1226,2379,2379,3277,1227
1227,2382,2382,3277,1228
1228,2382,2386,3277,1229
1229,2389,2389,3277,1230
1230,2389,2392,3277,1231
1231,2395,2395,3277,1232
1232,2399,2399,3277,1233
1233,2399,2402,3277,1234
1234,2405,2405,3277,1235
1235,2409,2409,3277,1236
1236,2412,2412,3277,1237
1237,2415,2415,3277,1238
1238,2415,2418,3277,1239
1239,2422,2422,3277,1240
1240,2425,2425,3277,1241
1241,2425,2428,3277,1242
1242,2432,2432,3277,1243
1243,2435,2435,3277,1244
1244,2435,2438,3277,1245
1245,2441,2441,3277,1246
1246,2441,2445,3277,1247
1247,2448,2448,3277,1248
1248,2448,2451,3277,1249
1249,2454,2454,3277,1250
1250,2458,2458,3277,1251
1251,2458,2461,3273,1252
1252,2464,2464,3270,1253
1253,2464,2468,3267,1254
1254,2471,2471,3264,1255
1255,2474,2474,3260,1256
1256,2474,2477,3257,1257
1257,2481,2481,3254,1258
1258,2484,2484,3251,1259
1259,2487,2487,3247,1260
1260,2487,2490,3244,1261
1261,2494,2494,3241,1262
1262,2494,2497,3237,1263
1263,2500,2500,3234,1264
1264,2503,2503,3231,1265
1265,2503,2507,3228,1266
1266,2510,2510,3224,1267
1267,2510,2513,3221,1268
1268,2516,2516,3218,1269
1269,2519,2519,3214,1270
1270,2519,2523,3211,1271
1271,2523,2526,3208,1272
1272,2529,2529,3205,1273
1273,2532,2532,3201,1274
1274,2532,2535,3198,1275
1275,2539,2539,3195,1276
1276,2542,2542,3192,1277
1277,2545,2545,3188,1278
1278,2545,2548,3185,1279
1279,2551,2551,3182,1280
1280,2551,2555,3178,1281
1281,2558,2558,3175,1282
1282,2561,2561,3172,1283
1283,2561,2564,3169,1284
1284,2567,2567,3165,1285
1285,2570,2570,3162,1286
1286,2570,2574,3159,1287
1287,2577,2577,3156,1288
1288,2580,2580,3152,1289
1289,2580,2583,3149,1290
1290,2586,2586,3146,1291
1291,2586,2589,3142,1292
1292,2592,2592,3139,1293
1293,2596,2596,3136,1294
1294,2596,2599,3133,1295
1295,2602,2602,3129,1296
1296,2605,2605,3126,1297
1297,2608,2608,3123,1298
1298,2611,2611,3119,1299
1299,2614,2614,3116,1300
1300,2614,2617,3113,1301
1301,2617,2621,3110,1302
1302,2624,2624,3106,1303
1303,2627,2627,3103,1304
1304,2627,2630,3100,1305
1305,2633,2633,3097,1306
1306,2636,2636,3093,1307
1307,2639,2639,3090,1308
1308,2642,2642,3087,1309
1309,2645,2645,3083,1310
1310,2648,2648,3080,1311
1311,2648,2652,3077,1312
1312,2655,2655,3074,1313
1313,2655,2658,3070,1314
1314,2661,2661,3067,1315
1315,2664,2664,3064,1316
1316,2664,2667,3060,1317
1317,2670,2670,3057,1318
1318,2670,2673,3054,1319
1319,2676,2676,3051,1320
1320,2676,2679,3047,1321
1321,2682,2682,3044,1322
1322,2685,2685,3041,1323
1323,2688,2688,3038,1324
1324,2691,2691,3034,1325
1325,2691,2694,3031,1326
1326,2697,2697,3028,1327
1327,2700,2700,3024,1328
1328,2700,2703,3021,1329
1329,2706,2706,3018,1330
1330,2706,2709,3015,1331
1331,2712,2712,3011,1332
1332,2715,2715,3008,1333
1333,2715,2718,3005,1334
1334,2721,2721,3001,1335
1335,2724,2724,2998,1336
1336,2727,2727,2995,1337
1337,2730,2730,2992,1338
1338,2733,2733,2988,1339
1339,2736,2736,2985,1340
1340,2739,2739,2982,1341
1341,2742,2742,2979,1342
1342,2745,2745,2975,1343
1343,2748,2748,2972,1344
1344,2751,2751,2969,1345
1345,2754,2754,2965,1346
1346,2757,2757,2962,1347
1347,2760,2760,2959,1348
1348,2763,2763,2956,1349
1349,2766,2766,2952,1350
1350,2766,2769,2949,1351
1351,2772,2772,2946,1352
1352,2775,2775,2942,1353
1353,2775,2778,2939,1354
1354,2781,2781,2936,1355
1355,2781,2784,2933,1356
1356,2787,2787,2929,1357
1357,2790,2790,2926,1358
1358,2790,2793,2923,1359
1359,2795,2795,2920,1360
1360,2798,2798,2916,1361
1361,2798,2801,2913,1362
1362,2804,2804,2910,1363
1363,2804,2807,2906,1364
1364,2810,2810,2903,1365
1365,2813,2813,2900,1366
1366,3069,2816,2897,1367
1367,2819,2819,2893,1368
1368,2822,2822,2890,1369
1369,2822,2824,2887,1370
1370,2827,2827,2884,1371
1371,2827,2830,2880,1372
1372,2833,2833,2877,1373
1373,2836,2836,2874,1374
1374,2836,2839,2870,1375
1375,2842,2842,2867,1376
1376,2845,2845,2864,1377
1377,2845,2847,2861,1378
1378,2850,2850,2857,1379
1379,2850,2853,2854,1380
1380,2856,2856,2851,1381
1381,2856,2859,2847,1382
1382,2862,2862,2844,1383
1383,2865,2865,2841,1384
1384,2865,2867,2838,1385
1385,2870,2870,2834,1386
1386,2873,2873,2831,1387
1387,2876,2876,2828,1388
1388,2879,2879,2825,1389
1389,2879,2882,2821,1390
1390,2884,2884,2818,1391
1391,2887,2887,2815,1392
1392,2890,2890,2811,1393
1393,2893,2893,2808,1394
1394,2893,2896,2805,1395
1395,2898,2898,2802,1396
1396,2901,2901,2798,1397
1397,2904,2904,2795,1398
1398,2907,2907,2792,1399
1399,2907,2910,2788,1400
1400,2912,2912,2785,1401
1401,2915,2915,2782,1402
1402,2918,2918,2779,1403
1403,2921,2921,2775,1404
1404,2921,2924,2772,1405
1405,2926,2926,2769,1406
1406,2929,2929,2766,1407
1407,2932,2932,2762,1408
1408,2935,2935,2759,1409
1409,2935,2937,2756,1410
1410,2940,2940,2752,1411
1411,2940,2943,2749,1412
1412,2946,2946,2746,1413
1413,2948,2948,2743,1414
1414,2948,2951,2739,1415
1415,2954,2954,2736,1416
1416,2957,2957,2733,1417
1417,2959,2959,2729,1418
1418,2962,2962,2726,1419
1419,2962,2965,2723,1420
1420,2967,2967,2720,1421
1421,2970,2970,2716,1422
1422,2973,2973,2713,1423
1423,2976,2976,2710,1424
1424,2976,2978,2707,1425
1425,2981,2981,2703,1426
1426,2984,2984,2700,1427
1427,2986,2986,2697,1428
1428,2989,2989,2693,1429
1429,2989,2992,2690,1430
1430,2994,2994,2687,1431
1431,2994,2997,2684,1432
1432,3000,3000,2680,1433
1433,3003,3003,2677,1434
1434,3003,3005,2674,1435
1435,3008,3008,2671,1436
1436,3011,3011,2667,1437
1437,3011,3013,2664,1438
1438,3016,3016,2661,1439
1439,3016,3019,2657,1440
1440,3021,3021,2654,1441
1441,3024,3024,2651,1442
1442,3024,3026,2648,1443
1443,3029,3029,2644,1444
1444,3029,3032,2641,1445
1445,3034,3034,2638,1446
1446,3037,3037,2634,1447
1447,3040,3040,2631,1448
1448,3042,3042,2628,1449
1449,3042,3045,2625,1450
1450,3048,3048,2621,1451
1451,3050,3050,2618,1452
1452,3050,3053,2615,1453
1453,3055,3055,2612,1454
1454,3055,3058,2608,1455
1455,3061,3061,2605,1456
1456,3063,3063,2602,1457
1457,3066,3066,2598,1458
1458,3068,3068,2595,1459
1459,3068,3071,2592,1460
1460,3074,3074,2589,1461
1461,3076,3076,2585,1462
1462,3079,3079,2582,1463
1463,3081,3081,2579,1464
1464,3081,3084,2575,1465
1465,3087,3087,2572,1466
1466,3087,3089,2569,1467
1467,3092,3092,2566,1468
1468,3094,3094,2562,1469
1469,3097,3097,2559,1470
1470,3099,3099,2556,1471
1471,3099,3102,2553,1472
1472,3104,3104,2549,1473
1473,3104,3107,2546,1474
1474,3110,3110,2543,1475
1475,3112,3112,2539,1476
1476,3115,3115,2536,1477
1477,3117,3117,2533,1478
1478,3117,3120,2530,1479
1479,3122,3122,2526,1480
1480,3122,3125,2523,1481
1481,3127,3127,2520,1482
1482,3130,3130,2516,1483
1483,3132,3132,2513,1484
1484,3135,3135,2510,1485
1485,3135,3137,2507,1486
1486,3140,3140,2503,1487
1487,3142,3142,2500,1488
1488,3145,3145,2497,1489
1489,3147,3147,2494,1490
1490,3147,3150,2490,1491
1491,3152,3152,2487,1492
1492,3152,3155,2484,1493
1493,3157,3157,2480,1494
1494,3160,3160,2477,1495
1495,3162,3162,2474,1496
1496,3165,3165,2471,1497
1497,3165,3167,2467,1498
1498,3170,3170,2464,1499
1499,3172,3172,2461,1500
1500,3172,3175,2458,1501
1501,3177,3177,2454,1502
1502,3179,3179,2451,1503
1503,3182,3182,2448,1504
1504,3184,3184,2444,1505
1505,3184,3187,2441,1506
1506,3189,3189,2438,1507
1507,3192,3192,2435,1508
1508,3192,3194,2431,1509
1509,3197,3197,2428,1510
1510,3197,3199,2425,1511
1511,3201,3201,2421,1512
1512,3204,3204,2418,1513
1513,3204,3206,2415,1514
1514,3209,3209,2412,1515
1515,3209,3211,2408,1516
1516,3213,3213,2405,1517
1517,3216,3216,2402,1518
1518,3216,3218,2399,1519
1519,3218,3221,2395,1520
1520,3223,3223,2392,1521
1521,3225,3225,2389,1522
1522,3225,3228,2385,1523
1523,3230,3230,2382,1524
1524,3230,3233,2379,1525
1525,3235,3235,2376,1526
1526,3235,3237,2372,1527
1527,3240,3240,2369,1528
1528,3242,3242,2366,1529
1529,3244,3244,2362,1530
1530,3247,3247,2359,1531
1531,3247,3249,2356,1532
1532,3251,3251,2353,1533
1533,3251,3254,2349,1534
1534,3256,3256,2346,1535
1535,3259,3259,2343,1536
1536,3261,3261,2340,1537
1537,3263,3263,2336,1538
1538,3263,3266,2333,1539
1539,3268,3268,2330,1540
1540,3268,3270,2326,1541
1541,3273,3273,2323,1542
1542,3275,3275,2320,1543
1543,3275,3277,2317,1544
1544,3279,3279,2313,1545
1545,3279,3282,2310,1546
1546,3284,3284,2307,1547
1547,3286,3286,2303,1548
1548,3289,3289,2300,1549
1549,3291,3291,2297,1550
1550,3291,3293,2294,1551
1551,3296,3296,2290,1552
1552,3296,3298,2287,1553
1553,3300,3300,2284,1554
1554,3302,3302,2281,1555
1555,3302,3305,2277,1556
1556,3307,3307,2274,1557
1557,3307,3309,2271,1558
1558,3312,3312,2267,1559
1559,3314,3314,2264,1560
1560,3314,3316,2261,1561
1561,3318,3318,2258,1562
1562,3318,3321,2254,1563
1563,3323,3323,2251,1564
1564,3323,3325,2248,1565
1565,3327,3327,2244,1566
1566,3327,3330,2241,1567
1567,3332,3332,2238,1568
1568,3334,3334,2235,1569
1569,3336,3336,2231,1570
1570,3339,3339,2228,1571
1571,3339,3341,2225,1572
1572,3343,3343,2222,1573
1573,3343,3345,2218,1574
1574,3347,3347,2215,1575
1575,3350,3350,2212,1576
1576,3350,3352,2208,1577
1577,3354,3354,2205,1578
1578,3354,3356,2202,1579
1579,3358,3358,2199,1580
1580,3358,3361,2195,1581
1581,3363,3363,2192,1582
1582,3365,3365,2189,1583
1583,3365,3367,2186,1584
1584,3369,3369,2182,1585
1585,3369,3372,2179,1586
1586,3374,3374,2176,1587
1587,3376,3376,2172,1588
1588,3376,3378,2169,1589
1589,3380,3380,2166,1590
1590,3380,3382,2163,1591
1591,3385,3385,2159,1592
1592,3387,3387,2156,1593
1593,3389,3389,2153,1594
1594,3391,3391,2149,1595
1595,3391,3393,2146,1596
1596,3395,3395,2143,1597
1597,3395,3397,2140,1598
1598,3397,3400,2136,1599
1599,3402,3402,2133,1600
1600,3404,3404,2130,1601
1601,3404,3406,2127,1602
1602,3408,3408,2123,1603
1603,3410,3410,2120,1604
1604,3412,3412,2117,1605
1605,3412,3415,2113,1606
1606,3417,3417,2110,1607
1607,3419,3419,2107,1608
1608,3421,3421,2104,1609
1609,3421,3423,2100,1610
1610,3425,3425,2097,1611
1611,3425,3427,2094,1612
1612,3429,3429,2090,1613
1613,3431,3431,2087,1614
1614,3433,3433,2084,1615
1615,3435,3435,2081,1616
1616,3435,3438,2077,1617
1617,3440,3440,2074,1618
1618,3442,3442,2071,1619
1619,3442,3444,2068,1620
1620,3446,3446,2064,1621
1621,3448,3448,2061,1622
1622,3450,3450,2058,1623
1623,3452,3452,2054,1624
1624,3452,3454,2051,1625
1625,3456,3456,2048,1626
1626,3456,3458,2045,1627
1627,3460,3460,2041,1628
1628,3462,3462,2038,1629
1629,3464,3464,2035,1630
1630,3466,3466,2031,1631
1631,3466,3468,2028,1632
1632,3470,3470,2025,1633
1633,3472,3472,2022,1634
1634,3472,3474,2018,1635
1635,3476,3476,2015,1636
1636,3476,3478,2012,1637
1637,3480,3480,2009,1638
1638,3482,3482,2005,1639
1639,3484,3484,2002,1640
1640,3486,3486,1999,1641
1641,3486,3488,1995,1642
1642,3490,3490,1992,1643
1643,3490,3492,1989,1644
1644,3494,3494,1986,1645
1645,3496,3496,1982,1646
1646,3496,3498,1979,1647
1647,3500,3500,1976,1648
1648,3500,3502,1973,1649
1649,3504,3504,1969,1650
1650,3504,3506,1966,1651
1651,3508,3508,1963,1652
1652,3510,3510,1959,1653
1653,3512,3512,1956,1654
1654,3514,3514,1953,1655
1655,3516,3516,1950,1656
1656,3518,3518,1946,1657
1657,3520,3520,1943,1658
1658,3520,3522,1940,1659
1659,3524,3524,1936,1660
1660,3526,3526,1933,1661
1661,3528,3528,1930,1662
1662,3530,3530,1927,1663
1663,3530,3532,1923,1664
1664,3533,3533,1920,1665
1665,3533,3535,1917,1666
1666,3537,3537,1914,1667
1667,3539,3539,1910,1668
1668,3541,3541,1907,1669
1669,3543,3543,1904,1670
1670,3543,3545,1900,1671
1671,3547,3547,1897,1672
1672,3549,3549,1894,1673
1673,3551,3551,1891,1674
1674,3553,3553,1887,1675
1675,3553,3554,1884,1676
1676,3556,3556,1881,1677
1677,3556,3558,1877,1678
1678,3560,3560,1874,1679
1679,3562,3562,1871,1680
1680,3562,3564,1868,1681
1681,3566,3566,1864,1682
1682,3566,3568,1861,1683
1683,3569,3569,1858,1684
1684,3569,3571,1855,1685
1685,3573,3573,1851,1686
1686,3575,3575,1848,1687
1687,3575,3577,1845,1688
1688,3577,3579,1841,1689
1689,3580,3580,1838,1690
1690,3582,3582,1835,1691
1691,3584,3584,1832,1692
1692,3586,3586,1828,1693
1693,3588,3588,1825,1694
1694,3588,3590,1822,1695
1695,3591,3591,1818,1696
1696,3593,3593,1815,1697
1697,3595,3595,1812,1698
1698,3595,3597,1809,1699
1699,3597,3599,1805,1700
1700,3599,3600,1802,1701
1701,3602,3602,1799,1702
1702,3602,3604,1796,1703
1703,3606,3606,1792,1704
1704,3606,3608,1789,1705
1705,3609,3609,1786,1706
1706,3611,3611,1782,1707
1707,3613,3613,1779,1708
1708,3613,3615,1776,1709
1709,3617,3617,1773,1710
1710,3617,3618,1769,1711
1711,3620,3620,1766,1712
1712,3620,3622,1763,1713
1713,3624,3624,1759,1714
1714,3625,3625,1756,1715
1715,3627,3627,1753,1716
1716,3629,3629,1750,1717
1717,3629,3631,1746,1718
1718,3632,3632,1743,1719
1719,3634,3634,1740,1720
1720,3634,3636,1737,1721
1721,3638,3638,1733,1722
1722,3638,3639,1730,1723
1723,3641,3641,1727,1724
1724,3643,3643,1723,1725
1725,3643,3645,1720,1726
1726,3646,3646,1717,1727
1727,3648,3648,1714,1728
1728,3650,3650,1710,1729
1729,3651,3651,1707,1730
1730,3651,3653,1704,1731
1731,3655,3655,1701,1732
1732,3656,3656,1697,1733
1733,3656,3658,1694,1734
1734,3660,3660,1691,1735
1735,3660,3662,1687,1736
1736,3663,3663,1684,1737
1737,3665,3665,1681,1738
1738,3665,3667,1678,1739
1739,3668,3668,1674,1740
1740,3668,3670,1671,1741
1741,3672,3672,1668,1742
1742,3673,3673,1664,1743
1743,3675,3675,1661,1744
1744,3675,3677,1658,1745
1745,3678,3678,1655,1746
1746,3678,3680,1651,1747
1747,3682,3682,1648,1748
1748,3683,3683,1645,1749
1749,3685,3685,1642,1750
1750,3686,3686,1638,1751
1751,3686,3688,1635,1752
1752,3690,3690,1632,1753
1753,3691,3691,1628,1754
1754,3691,3693,1625,1755
1755,3695,3695,1622,1756
1756,3696,3696,1619,1757
1757,3696,3698,1615,1758
1758,3700,3700,1612,1759
1759,3700,3701,1609,1760
1760,3703,3703,1605,1761
1761,3704,3704,1602,1762
1762,3704,3706,1599,1763
1763,3708,3708,1596,1764
1764,3709,3709,1592,1765
1765,3711,3711,1589,1766
1766,3712,3712,1586,1767
1767,3712,3714,1583,1768
1768,3715,3715,1579,1769
1769,3717,3717,1576,1770
1770,3719,3719,1573,1771
1771,3719,3720,1569,1772
1772,3722,3722,1566,1773
1773,3723,3723,1563,1774
1774,3723,3725,1560,1775
1775,3726,3726,1556,1776
1776,3726,3728,1553,1777
1777,3730,3730,1550,1778
1778,3731,3731,1546,1779
1779,3731,3733,1543,1780
1780,3733,3734,1540,1781
1781,3736,3736,1537,1782
1782,3736,3737,1533,1783
1783,3739,3739,1530,1784
1784,3740,3740,1527,1785
1785,3740,3742,1524,1786
1786,3743,3743,1520,1787
1787,3745,3745,1517,1788
1788,3746,3746,1514,1789
1789,3748,3748,1510,1790
1790,3748,3749,1507,1791
1791,3751,3751,1504,1792
1792,3751,3752,1501,1793
1793,3754,3754,1497,1794
1794,3755,3755,1494,1795
1795,3755,3757,1491,1796
1796,3758,3758,1488,1797
1797,3758,3760,1484,1798
1798,3761,3761,1481,1799
1799,3761,3763,1478,1800
1800,3763,3764,1474,1801
1801,3766,3766,1471,1802
1802,3766,3767,1468,1803
1803,3769,3769,1465,1804
1804,3770,3770,1461,1805
1805,3772,3772,1458,1806
1806,3773,3773,1455,1807
1807,3773,3775,1451,1808
1808,3776,3776,1448,1809
1809,3777,3777,1445,1810
1810,3779,3779,1442,1811
1811,3780,3780,1438,1812
1812,3780,3782,1435,1813
1813,3783,3783,1432,1814
1814,3785,3785,1429,1815
1815,3786,3786,1425,1816
1816,3787,3787,1422,1817
1817,3787,3789,1419,1818
1818,3790,3790,1415,1819
1819,3792,3792,1412,1820
1820,3793,3793,1409,1821
1821,3795,3795,1406,1822
1822,3795,3796,1402,1823
1823,3797,3797,1399,1824
1824,3799,3799,1396,1825
1825,3799,3800,1392,1826
1826,3802,3802,1389,1827
1827,3802,3803,1386,1828
1828,3804,3804,1383,1829
1829,3806,3806,1379,1830
1830,3807,3807,1376,1831
1831,3807,3808,1373,1832
1832,3810,3810,1370,1833
1833,3811,3811,1366,1834
1834,3811,3813,1363,1835
1835,3814,3814,1360,1836
1836,3814,3815,1356,1837
1837,3817,3817,1353,1838
1838,3818,3818,1350,1839
1839,3819,3819,1347,1840
1840,3821,3821,1343,1841
1841,3821,3822,1340,1842
1842,3823,3823,1337,1843
1843,3825,3825,1333,1844
1844,3826,3826,1330,1845
1845,3827,3827,1327,1846
1846,3827,3829,1324,1847
1847,3830,3830,1320,1848
1848,3831,3831,1317,1849
1849,3833,3833,1314,1850
1850,3834,3834,1311,1851
1851,3834,3835,1307,1852
1852,3837,3837,1304,1853
1853,3837,3838,1301,1854
1854,3839,3839,1297,1855
1855,3840,3840,1294,1856
1856,3840,3842,1291,1857
1857,3843,3843,1288,1858
1858,3843,3844,1284,1859
1859,3846,3846,1281,1860
1860,3847,3847,1278,1861
1861,3847,3848,1275,1862
1862,3849,3849,1271,1863
1863,3851,3851,1268,1864
1864,3852,3852,1265,1865
1865,3853,3853,1261,1866
1866,3853,3854,1258,1867
1867,3856,3856,1255,1868
1868,3857,3857,1252,1869
1869,3857,3858,1248,1870
1870,3859,3859,1245,1871
1871,3859,3861,1242,1872
1872,3862,3862,1238,1873
1873,3863,3863,1235,1874
1874,3863,3864,1232,1875
1875,3866,3866,1229,1876
1876,3867,3867,1225,1877
1877,3868,3868,1222,1878
1878,3869,3869,1219,1879
1879,3869,3871,1216,1880
1880,3872,3872,1212,1881
1881,3872,3873,1209,1882
1882,3874,3874,1206,1883
1883,3875,3875,1202,1884
1884,3877,3877,1199,1885
1885,3878,3878,1196,1886
1886,3878,3879,1193,1887
1887,3880,3880,1189,1888
1888,3881,3881,1186,1889
1889,3881,3883,1183,1890
1890,3884,3884,1179,1891
1891,3885,3885,1176,1892
1892,3886,3886,1173,1893
1893,3887,3887,1170,1894
1894,3887,3888,1166,1895
1895,3890,3890,1163,1896
1896,3891,3891,1160,1897
1897,3892,3892,1157,1898
1898,3893,3893,1153,1899
1899,3894,3894,1150,1900
1900,3895,3895,1147,1901
1901,3895,3897,1143,1902
1902,3898,3898,1140,1903
1903,3898,3899,1137,1904
1904,3900,3900,1134,1905
1905,3901,3901,1130,1906
1906,3901,3902,1127,1907
1907,3903,3903,1124,1908
1908,3904,3904,1120,1909
1909,3906,3906,1117,1910
1910,3907,3907,1114,1911
1911,3907,3908,1111,1912
1912,3909,3909,1107,1913
1913,3910,3910,1104,1914
1914,3910,3911,1101,1915
1915,3912,3912,1098,1916
1916,3912,3913,1094,1917
1917,3914,3914,1091,1918
1918,3915,3915,1088,1919
1919,3915,3917,1084,1920
1920,3917,3918,1081,1921
1921,3919,3919,1078,1922
1922,3920,3920,1075,1923
1923,3920,3921,1071,1924
1924,3922,3922,1068,1925
1925,3922,3923,1065,1926
1926,3923,3924,1061,1927
1927,3925,3925,1058,1928
1928,3926,3926,1055,1929
1929,3927,3927,1052,1930
1930,3928,3928,1048,1931
1931,3928,3929,1045,1932
1932,3930,3930,1042,1933
1933,3930,3931,1039,1934
1934,3932,3932,1035,1935
1935,3932,3933,1032,1936
1936,3935,3935,1029,1937
1937,3936,3936,1025,1938
1938,3936,3937,1022,1939
1939,3938,3938,1019,1940
1940,3939,3939,1016,1941
1941,3940,3940,1012,1942
1942,3941,3941,1009,1943
1943,3941,3942,1006,1944
1944,3943,3943,1003,1945
1945,3944,3944,999,1946
1946,3944,3945,996,1947
1947,3946,3946,993,1948
1948,3947,3947,989,1949
1949,3947,3948,986,1950
1950,3949,3949,983,1951
1951,3950,3950,980,1952
1952,3950,3951,976,1953
1953,3952,3952,973,1954
1954,3953,3953,970,1955
1956,3954,3954,963,1957
1957,3954,3955,960,1958
1958,3956,3956,957,1959
1959,3957,3957,953,1960
1960,3957,3958,950,1961
1961,3959,3959,947,1962
1962,3960,3960,944,1963
1963,3961,3961,940,1964
1964,3962,3962,937,1965
1965,3962,3963,934,1966
1966,3964,3964,930,1967
1967,3965,3965,927,1968
1968,3966,3966,924,1969
1969,3967,3967,921,1970
1970,3967,3968,917,1971
1971,3969,3969,914,1972
1973,3970,3970,907,1974
1974,3971,3971,904,1975
1975,3972,3972,901,1976
1976,3973,3973,898,1977
1977,3973,3974,894,1978
1978,3975,3975,891,1979
1979,3976,3976,888,1980
1980,3976,3977,885,1981
1981,3978,3978,881,1982
1983,3978,3979,875,1984
1984,3980,3980,871,1985
1985,3981,3981,868,1986
1986,3982,3982,865,1987
1987,3983,3983,862,1988
1988,3983,3984,858,1989
1990,3985,3985,852,1991
1991,3986,3986,848,1992
1992,3987,3987,845,1993
1993,3987,3988,842,1994
1994,3989,3989,839,1995
1995,3989,3990,835,1996
1997,3991,3991,829,1998
1998,3991,3992,826,1999
1999,3993,3993,822,2000
2000,3994,3994,819,2001
2002,3995,3995,812,2003
2003,3995,3996,809,2004
2004,3997,3997,806,2005
2005,3998,3998,803,2006
2006,3999,3999,799,2007
2008,3999,4000,793,2009
2009,4001,4001,790,2010
2010,4002,4002,786,2011
2012,4002,4003,780,2013
2013,4004,4004,776,2014
2014,4005,4005,773,2015
2015,4005,4006,770,2016
2017,4007,4007,763,2018
2018,4008,4008,760,2019
2019,4009,4009,757,2020
2021,4010,4010,750,2022
2022,4010,4011,747,2023
2023,4012,4012,744,2024
2025,4012,4013,737,2026
2026,4014,4014,734,2027
2027,4015,4015,731,2028
2029,4016,4016,724,2030
2030,4016,4017,721,2031
2032,4017,4018,714,2033
2033,4019,4019,711,2034
2034,4020,4020,708,2035
2036,4021,4021,701,2037
2037,4022,4022,698,2038
2039,4023,4023,691,2040
2040,4023,4024,688,2041
2042,4024,4025,681,2043
2043,4026,4026,678,2044
2044,4027,4027,675,2045
2046,4028,4028,668,2047
2047,4028,4029,665,2048
2049,4030,4030,658,2050
2050,4030,4031,655,2051
2052,4031,4032,649,2053
2054,4032,4033,642,2055
2055,4034,4034,639,2056
2057,4035,4035,632,2058
2058,4036,4036,629,2059
2060,4036,4037,622,2061
2061,4038,4038,619,2062
2063,4039,4039,613,2064
2065,4039,4040,606,2066
2066,4041,4041,603,2067
2068,4041,4042,596,2069
2070,4043,4043,590,2071
2071,4043,4044,586,2072
2073,4045,4045,580,2074
2075,4046,4046,573,2076
2077,4047,4047,567,2078
2078,4048,4048,563,2079
2080,4049,4049,557,2081
2082,4049,4050,550,2083
2084,4050,4051,544,2085
2086,4052,4052,537,2087
2087,4052,4053,534,2088
2089,4054,4054,527,2090
2091,4055,4055,521,2092
2093,4055,4056,514,2094
2095,4056,4057,508,2096
2097,4058,4058,501,2098
2099,4059,4059,495,2100
2101,4060,4060,488,2102
2103,4060,4061,481,2104
2105,4061,4062,475,2106
2107,4063,4063,468,2108
2110,4064,4064,459,2111
2112,4065,4065,452,2113
2114,4065,4066,445,2115
2116,4066,4067,439,2117
2119,4067,4068,429,2120
2121,4068,4069,422,2122
2123,4070,4070,416,2124
2126,4071,4071,406,2127
2128,4072,4072,400,2129
2131,4073,4073,390,2132
2133,4074,4074,383,2134
2136,4074,4075,373,2137
2139,4076,4076,363,2140
2141,4076,4077,357,2142
2144,4077,4078,347,2145
2147,4078,4079,337,2148
2150,4079,4080,327,2151
2153,4080,4081,318,2154
2156,4081,4082,308,2157
2160,4083,4083,295,2161
2163,4084,4084,285,2164
2167,4084,4085,272,2168
2170,4086,4086,262,2171
2174,4087,4087,249,2175
2178,4088,4088,236,2179
2183,4089,4089,219,2184
2187,4089,4090,206,2188
2192,4090,4091,190,2193
2198,4092,4092,170,2199
2204,4092,4093,150,2205
2211,4094,4094,128,2212
2220,4095,4095,98,2221
2233,4096,4096,55,2234
